time,vehicles,speed,traffic
16:16:07,6,SLOW,MEDIUM
16:16:07,6,SLOW,MEDIUM
16:16:07,6,SLOW,MEDIUM
16:16:08,6,SLOW,MEDIUM
16:16:08,6,SLOW,MEDIUM
16:16:09,6,SLOW,MEDIUM
16:16:09,6,SLOW,MEDIUM
16:16:10,5,SLOW,MEDIUM
16:16:10,4,SLOW,LOW
16:16:10,5,SLOW,MEDIUM
16:16:10,3,SLOW,LOW
16:16:10,4,SLOW,LOW
16:16:10,5,SLOW,MEDIUM
16:16:10,4,SLOW,LOW
16:16:11,4,SLOW,LOW
16:16:11,4,SLOW,LOW
16:16:11,4,SLOW,LOW
16:16:11,4,SLOW,LOW
16:16:11,4,SLOW,LOW
16:16:11,4,SLOW,LOW
16:16:11,5,SLOW,MEDIUM
16:16:11,4,SLOW,LOW
16:16:11,4,SLOW,LOW
16:16:12,4,SLOW,LOW
16:16:12,4,SLOW,LOW
16:16:12,4,SLOW,LOW
16:16:12,4,SLOW,LOW
16:16:12,4,SLOW,LOW
16:16:12,4,SLOW,LOW
16:16:12,4,SLOW,LOW
16:16:12,5,SLOW,MEDIUM
16:16:12,6,SLOW,MEDIUM
16:16:13,4,SLOW,LOW
16:16:13,4,SLOW,LOW
16:16:13,5,SLOW,MEDIUM
16:16:13,5,SLOW,MEDIUM
16:16:13,5,SLOW,MEDIUM
16:16:13,6,SLOW,MEDIUM
16:16:13,6,SLOW,MEDIUM
16:16:13,6,SLOW,MEDIUM
16:16:14,4,SLOW,LOW
16:16:14,4,SLOW,LOW
16:16:14,4,SLOW,LOW
16:16:14,5,SLOW,MEDIUM
16:16:14,5,SLOW,MEDIUM
16:16:14,4,SLOW,LOW
16:16:14,4,FAST,LOW
16:16:14,5,SLOW,MEDIUM
16:16:15,4,SLOW,LOW
16:16:15,4,FAST,LOW
16:16:15,4,FAST,LOW
16:16:15,4,SLOW,LOW
16:16:15,4,SLOW,LOW
16:16:15,5,SLOW,MEDIUM
16:16:15,5,SLOW,MEDIUM
16:16:16,5,SLOW,MEDIUM
16:16:16,5,SLOW,MEDIUM
16:16:16,5,SLOW,MEDIUM
16:16:16,5,SLOW,MEDIUM
16:16:16,5,SLOW,MEDIUM
16:16:16,5,SLOW,MEDIUM
16:16:17,5,SLOW,MEDIUM
16:16:17,5,SLOW,MEDIUM
16:16:17,5,SLOW,MEDIUM
16:16:18,5,SLOW,MEDIUM
16:16:18,5,SLOW,MEDIUM
16:16:18,5,SLOW,MEDIUM
16:16:18,4,SLOW,LOW
16:16:18,4,SLOW,LOW
16:16:18,4,SLOW,LOW
16:16:19,4,SLOW,LOW
16:16:19,4,SLOW,LOW
16:16:19,4,SLOW,LOW
16:16:19,4,SLOW,LOW
16:16:19,4,SLOW,LOW
16:16:19,4,SLOW,LOW
16:16:20,4,SLOW,LOW
16:16:20,4,SLOW,LOW
16:16:20,4,SLOW,LOW
16:16:21,4,SLOW,LOW
16:16:21,4,SLOW,LOW
16:16:21,4,SLOW,LOW
16:16:21,4,SLOW,LOW
16:16:22,4,SLOW,LOW
16:16:22,4,SLOW,LOW
16:16:22,4,SLOW,LOW
16:16:22,4,SLOW,LOW
16:16:22,4,SLOW,LOW
16:16:22,4,SLOW,LOW
16:16:22,4,SLOW,LOW
16:16:23,4,SLOW,LOW
16:16:23,4,SLOW,LOW
16:16:23,4,SLOW,LOW
16:16:23,4,SLOW,LOW
16:16:23,4,SLOW,LOW
16:16:23,4,SLOW,LOW
16:16:23,4,SLOW,LOW
16:16:24,4,SLOW,LOW
16:16:24,4,SLOW,LOW
16:16:24,4,SLOW,LOW
16:16:24,4,SLOW,LOW
16:16:24,5,SLOW,MEDIUM
16:16:24,5,SLOW,MEDIUM
16:16:25,5,SLOW,MEDIUM
16:16:25,5,SLOW,MEDIUM
16:16:25,4,SLOW,LOW
16:16:25,4,SLOW,LOW
16:16:25,4,SLOW,LOW
16:16:25,4,SLOW,LOW
16:16:25,4,SLOW,LOW
16:16:26,5,SLOW,MEDIUM
16:16:26,4,SLOW,LOW
16:16:26,4,SLOW,LOW
16:16:26,4,SLOW,LOW
16:16:26,4,SLOW,LOW
16:16:26,4,SLOW,LOW
16:16:26,4,SLOW,LOW
16:16:27,4,SLOW,LOW
16:16:27,4,SLOW,LOW
16:16:27,4,SLOW,LOW
16:16:27,4,SLOW,LOW
16:16:27,4,SLOW,LOW
16:16:27,3,SLOW,LOW
16:16:27,3,SLOW,LOW
16:16:27,4,SLOW,LOW
16:16:28,3,SLOW,LOW
16:16:28,4,SLOW,LOW
16:16:28,4,SLOW,LOW
16:16:28,4,SLOW,LOW
16:16:28,4,SLOW,LOW
16:16:28,3,SLOW,LOW
16:16:28,4,SLOW,LOW
16:16:28,3,SLOW,LOW
16:16:29,3,SLOW,LOW
16:16:29,4,SLOW,LOW
16:16:29,4,SLOW,LOW
16:16:29,4,SLOW,LOW
16:16:29,4,SLOW,LOW
16:16:29,5,SLOW,MEDIUM
16:16:29,5,SLOW,MEDIUM
16:16:29,4,SLOW,LOW
16:16:30,4,SLOW,LOW
16:16:30,4,SLOW,LOW
16:16:30,4,SLOW,LOW
16:16:30,4,SLOW,LOW
16:16:30,4,SLOW,LOW
16:16:30,5,SLOW,MEDIUM
16:16:30,4,SLOW,LOW
16:16:31,4,SLOW,LOW
16:16:31,4,SLOW,LOW
16:16:31,4,SLOW,LOW
16:16:31,4,SLOW,LOW
16:16:31,4,SLOW,LOW
16:16:31,4,SLOW,LOW
16:16:31,4,SLOW,LOW
16:16:31,4,SLOW,LOW
16:16:32,4,SLOW,LOW
16:16:32,4,SLOW,LOW
16:16:32,4,SLOW,LOW
16:16:32,4,SLOW,LOW
16:16:32,4,SLOW,LOW
16:16:32,4,SLOW,LOW
16:16:32,5,SLOW,MEDIUM
16:16:33,5,SLOW,MEDIUM
16:16:33,5,MEDIUM,MEDIUM
16:16:33,5,MEDIUM,MEDIUM
16:16:34,4,SLOW,LOW
16:16:34,6,SLOW,MEDIUM
16:16:34,5,SLOW,MEDIUM
16:16:34,5,SLOW,MEDIUM
16:16:34,4,SLOW,LOW
16:16:34,4,SLOW,LOW
16:16:35,5,SLOW,MEDIUM
16:16:35,5,SLOW,MEDIUM
16:16:35,5,SLOW,MEDIUM
16:16:35,5,SLOW,MEDIUM
16:16:35,5,SLOW,MEDIUM
16:16:35,5,SLOW,MEDIUM
16:16:36,5,SLOW,MEDIUM
16:16:36,5,SLOW,MEDIUM
16:16:36,6,SLOW,MEDIUM
16:16:36,6,SLOW,MEDIUM
16:16:36,5,SLOW,MEDIUM
16:16:36,5,SLOW,MEDIUM
16:16:36,5,SLOW,MEDIUM
16:16:36,5,SLOW,MEDIUM
16:16:37,5,SLOW,MEDIUM
16:16:37,5,SLOW,MEDIUM
16:16:37,5,SLOW,MEDIUM
16:16:37,5,SLOW,MEDIUM
16:16:37,5,SLOW,MEDIUM
16:16:37,5,SLOW,MEDIUM
16:16:37,5,SLOW,MEDIUM
16:16:37,5,SLOW,MEDIUM
16:16:38,5,SLOW,MEDIUM
16:16:38,5,SLOW,MEDIUM
16:16:38,5,SLOW,MEDIUM
16:16:38,5,SLOW,MEDIUM
16:16:38,5,SLOW,MEDIUM
16:16:38,5,SLOW,MEDIUM
16:16:38,5,SLOW,MEDIUM
16:16:38,5,SLOW,MEDIUM
16:16:38,5,SLOW,MEDIUM
16:16:39,5,SLOW,MEDIUM
16:16:39,5,SLOW,MEDIUM
16:16:39,5,SLOW,MEDIUM
16:16:39,5,SLOW,MEDIUM
16:16:39,5,SLOW,MEDIUM
16:16:39,5,SLOW,MEDIUM
16:16:39,5,SLOW,MEDIUM
16:16:39,5,SLOW,MEDIUM
16:16:40,5,SLOW,MEDIUM
16:16:40,5,SLOW,MEDIUM
16:16:40,5,SLOW,MEDIUM
16:16:40,5,SLOW,MEDIUM
16:16:40,5,SLOW,MEDIUM
16:16:40,5,SLOW,MEDIUM
16:16:40,5,SLOW,MEDIUM
16:16:40,5,SLOW,MEDIUM
16:16:40,5,SLOW,MEDIUM
16:16:41,5,SLOW,MEDIUM
16:16:41,5,SLOW,MEDIUM
16:16:41,5,SLOW,MEDIUM
16:16:41,5,SLOW,MEDIUM
16:16:41,6,SLOW,MEDIUM
16:16:41,6,SLOW,MEDIUM
16:16:41,6,SLOW,MEDIUM
16:16:41,6,SLOW,MEDIUM
16:16:42,6,SLOW,MEDIUM
16:16:42,6,SLOW,MEDIUM
16:16:42,6,SLOW,MEDIUM
16:16:42,6,SLOW,MEDIUM
16:16:42,6,SLOW,MEDIUM
16:16:42,6,SLOW,MEDIUM
16:16:42,6,SLOW,MEDIUM
16:16:42,6,SLOW,MEDIUM
16:16:43,6,SLOW,MEDIUM
16:16:43,6,SLOW,MEDIUM
16:16:43,6,SLOW,MEDIUM
16:16:43,6,SLOW,MEDIUM
16:16:43,6,SLOW,MEDIUM
16:16:43,6,SLOW,MEDIUM
16:16:43,6,SLOW,MEDIUM
16:16:44,6,SLOW,MEDIUM
16:16:44,6,SLOW,MEDIUM
16:16:44,6,SLOW,MEDIUM
16:16:44,6,SLOW,MEDIUM
16:16:44,6,SLOW,MEDIUM
16:16:44,6,SLOW,MEDIUM
16:16:44,6,SLOW,MEDIUM
16:16:44,6,SLOW,MEDIUM
16:16:45,6,SLOW,MEDIUM
16:16:45,6,SLOW,MEDIUM
16:16:45,6,SLOW,MEDIUM
16:16:45,6,SLOW,MEDIUM
16:16:45,6,SLOW,MEDIUM
16:16:45,6,SLOW,MEDIUM
16:16:45,6,SLOW,MEDIUM
16:16:45,6,SLOW,MEDIUM
16:16:45,6,SLOW,MEDIUM
16:16:46,7,SLOW,MEDIUM
16:16:46,5,SLOW,MEDIUM
16:16:46,5,SLOW,MEDIUM
16:16:46,5,SLOW,MEDIUM
16:16:46,6,SLOW,MEDIUM
16:16:46,7,SLOW,MEDIUM
16:16:46,7,FAST,MEDIUM
16:16:46,7,FAST,MEDIUM
16:16:46,7,SLOW,MEDIUM
16:16:47,7,SLOW,MEDIUM
16:16:47,7,SLOW,MEDIUM
16:16:47,5,SLOW,MEDIUM
16:16:47,5,SLOW,MEDIUM
16:16:47,6,SLOW,MEDIUM
16:16:47,7,SLOW,MEDIUM
16:16:47,7,SLOW,MEDIUM
16:16:47,6,SLOW,MEDIUM
16:16:47,6,SLOW,MEDIUM
16:16:48,7,SLOW,MEDIUM
16:16:48,7,SLOW,MEDIUM
16:16:48,5,SLOW,MEDIUM
16:16:48,7,SLOW,MEDIUM
16:16:48,7,SLOW,MEDIUM
16:16:48,8,SLOW,MEDIUM
16:16:48,7,SLOW,MEDIUM
16:16:48,8,SLOW,MEDIUM
16:16:48,8,SLOW,MEDIUM
16:16:49,8,SLOW,MEDIUM
16:16:49,8,FAST,MEDIUM
16:16:49,7,SLOW,MEDIUM
16:16:49,6,SLOW,MEDIUM
16:16:49,7,SLOW,MEDIUM
16:16:49,7,SLOW,MEDIUM
16:16:49,6,SLOW,MEDIUM
16:16:49,6,SLOW,MEDIUM
16:16:50,6,SLOW,MEDIUM
16:16:50,6,SLOW,MEDIUM
16:16:50,6,SLOW,MEDIUM
16:16:50,6,SLOW,MEDIUM
16:16:50,6,SLOW,MEDIUM
16:16:50,6,SLOW,MEDIUM
16:16:50,6,SLOW,MEDIUM
16:16:50,5,SLOW,MEDIUM
16:16:50,5,SLOW,MEDIUM
16:16:51,5,SLOW,MEDIUM
16:16:51,4,SLOW,LOW
16:16:51,6,SLOW,MEDIUM
16:16:51,5,SLOW,MEDIUM
16:16:51,3,SLOW,LOW
16:16:51,4,SLOW,LOW
16:16:51,4,SLOW,LOW
16:16:51,4,SLOW,LOW
16:16:51,5,SLOW,MEDIUM
16:16:51,5,SLOW,MEDIUM
16:16:52,5,SLOW,MEDIUM
16:16:52,5,SLOW,MEDIUM
16:16:52,5,SLOW,MEDIUM
16:16:52,5,SLOW,MEDIUM
16:16:52,5,SLOW,MEDIUM
16:16:52,5,SLOW,MEDIUM
16:16:52,4,SLOW,LOW
16:16:52,4,SLOW,LOW
16:16:53,4,SLOW,LOW
16:16:53,4,SLOW,LOW
16:16:53,4,SLOW,LOW
16:16:53,6,SLOW,MEDIUM
16:16:53,6,SLOW,MEDIUM
16:16:53,6,SLOW,MEDIUM
16:16:53,6,SLOW,MEDIUM
16:16:53,6,SLOW,MEDIUM
16:16:53,6,SLOW,MEDIUM
16:16:53,6,SLOW,MEDIUM
16:16:54,6,SLOW,MEDIUM
16:16:54,6,SLOW,MEDIUM
16:16:54,6,SLOW,MEDIUM
16:16:54,7,SLOW,MEDIUM
16:16:54,6,SLOW,MEDIUM
16:16:54,6,SLOW,MEDIUM
16:16:54,6,SLOW,MEDIUM
16:16:54,6,SLOW,MEDIUM
16:16:55,7,SLOW,MEDIUM
16:16:55,6,SLOW,MEDIUM
16:16:55,5,SLOW,MEDIUM
16:16:55,5,SLOW,MEDIUM
16:16:55,5,SLOW,MEDIUM
16:16:55,5,SLOW,MEDIUM
16:16:55,5,SLOW,MEDIUM
16:16:55,5,SLOW,MEDIUM
16:16:55,5,SLOW,MEDIUM
16:16:56,5,SLOW,MEDIUM
16:16:56,5,SLOW,MEDIUM
16:16:56,5,SLOW,MEDIUM
16:16:56,5,SLOW,MEDIUM
16:16:56,5,SLOW,MEDIUM
16:16:56,6,SLOW,MEDIUM
16:16:56,5,SLOW,MEDIUM
16:16:56,5,SLOW,MEDIUM
16:16:56,5,SLOW,MEDIUM
16:16:57,5,MEDIUM,MEDIUM
16:16:57,5,MEDIUM,MEDIUM
16:16:57,5,MEDIUM,MEDIUM
16:16:57,5,MEDIUM,MEDIUM
16:16:57,5,MEDIUM,MEDIUM
16:16:57,4,SLOW,LOW
16:16:57,5,SLOW,MEDIUM
16:16:57,5,MEDIUM,MEDIUM
16:16:57,5,MEDIUM,MEDIUM
16:16:58,5,MEDIUM,MEDIUM
16:16:58,6,SLOW,MEDIUM
16:16:58,6,MEDIUM,MEDIUM
16:16:58,5,SLOW,MEDIUM
16:16:58,5,MEDIUM,MEDIUM
16:16:58,5,MEDIUM,MEDIUM
16:16:58,5,FAST,MEDIUM
16:16:58,6,SLOW,MEDIUM
16:16:58,5,SLOW,MEDIUM
16:16:59,5,FAST,MEDIUM
16:16:59,6,SLOW,MEDIUM
16:16:59,6,FAST,MEDIUM
16:16:59,7,SLOW,MEDIUM
16:16:59,7,FAST,MEDIUM
16:16:59,5,SLOW,MEDIUM
16:16:59,7,SLOW,MEDIUM
16:16:59,7,FAST,MEDIUM
16:16:59,8,SLOW,MEDIUM
16:17:00,8,MEDIUM,MEDIUM
16:17:00,8,MEDIUM,MEDIUM
16:17:00,8,MEDIUM,MEDIUM
16:17:00,8,MEDIUM,MEDIUM
16:17:00,8,MEDIUM,MEDIUM
16:17:00,8,MEDIUM,MEDIUM
16:17:00,7,SLOW,MEDIUM
16:17:00,8,SLOW,MEDIUM
16:17:01,7,SLOW,MEDIUM
16:17:01,6,SLOW,MEDIUM
16:17:01,4,SLOW,LOW
16:17:01,7,SLOW,MEDIUM
16:17:01,6,SLOW,MEDIUM
16:17:01,5,SLOW,MEDIUM
16:17:01,3,SLOW,LOW
16:17:01,4,SLOW,LOW
16:17:01,6,SLOW,MEDIUM
16:17:02,6,SLOW,MEDIUM
16:17:02,6,SLOW,MEDIUM
16:17:02,5,SLOW,MEDIUM
16:17:02,5,SLOW,MEDIUM
16:17:02,3,SLOW,LOW
16:17:02,4,SLOW,LOW
16:17:02,4,SLOW,LOW
16:17:02,4,SLOW,LOW
16:17:02,4,SLOW,LOW
16:17:03,4,SLOW,LOW
16:17:03,6,SLOW,MEDIUM
16:17:03,4,SLOW,LOW
16:17:03,5,SLOW,MEDIUM
16:17:03,5,FAST,MEDIUM
16:17:03,5,SLOW,MEDIUM
16:17:03,4,SLOW,LOW
16:17:03,5,SLOW,MEDIUM
16:17:03,6,SLOW,MEDIUM
16:17:04,5,SLOW,MEDIUM
16:17:04,5,SLOW,MEDIUM
16:17:04,5,SLOW,MEDIUM
16:17:04,5,SLOW,MEDIUM
16:17:04,4,SLOW,LOW
16:17:04,5,SLOW,MEDIUM
16:17:04,5,SLOW,MEDIUM
16:17:04,5,SLOW,MEDIUM
16:17:05,4,SLOW,LOW
16:17:05,4,FAST,LOW
16:17:05,3,SLOW,LOW
16:17:05,3,SLOW,LOW
16:17:05,4,SLOW,LOW
16:17:05,3,SLOW,LOW
16:17:05,4,SLOW,LOW
16:17:05,4,FAST,LOW
16:17:05,3,SLOW,LOW
16:17:06,4,SLOW,LOW
16:17:06,3,SLOW,LOW
16:17:06,4,SLOW,LOW
16:17:06,4,SLOW,LOW
16:17:06,3,SLOW,LOW
16:17:06,4,SLOW,LOW
16:17:06,3,SLOW,LOW
16:17:06,3,SLOW,LOW
16:17:07,2,SLOW,LOW
16:17:07,3,SLOW,LOW
16:17:07,3,SLOW,LOW
16:17:07,3,SLOW,LOW
16:17:07,2,SLOW,LOW
16:17:07,3,SLOW,LOW
16:17:07,2,SLOW,LOW
16:17:07,2,SLOW,LOW
16:17:07,2,SLOW,LOW
16:17:08,2,SLOW,LOW
16:17:08,2,SLOW,LOW
16:17:08,3,SLOW,LOW
16:17:08,3,SLOW,LOW
16:17:08,2,SLOW,LOW
16:17:08,2,SLOW,LOW
16:17:08,2,SLOW,LOW
16:17:08,2,SLOW,LOW
16:17:08,3,SLOW,LOW
16:17:09,3,SLOW,LOW
16:17:09,2,SLOW,LOW
16:17:09,2,SLOW,LOW
16:17:09,2,SLOW,LOW
16:17:09,2,SLOW,LOW
16:17:09,2,SLOW,LOW
16:17:09,3,SLOW,LOW
16:17:09,2,SLOW,LOW
16:17:10,3,SLOW,LOW
16:17:10,3,SLOW,LOW
16:17:10,2,SLOW,LOW
16:17:10,2,SLOW,LOW
16:17:10,2,SLOW,LOW
16:17:10,2,SLOW,LOW
16:17:10,2,SLOW,LOW
16:17:10,2,SLOW,LOW
16:17:10,2,SLOW,LOW
16:17:11,2,SLOW,LOW
16:17:11,4,SLOW,LOW
16:17:11,2,SLOW,LOW
16:17:11,2,SLOW,LOW
16:17:11,2,SLOW,LOW
16:17:11,3,SLOW,LOW
16:17:11,2,SLOW,LOW
16:17:11,2,SLOW,LOW
16:17:11,2,SLOW,LOW
16:17:12,2,SLOW,LOW
16:17:12,3,SLOW,LOW
16:17:12,2,SLOW,LOW
16:17:12,2,SLOW,LOW
16:17:12,2,SLOW,LOW
16:17:12,2,SLOW,LOW
16:17:12,2,SLOW,LOW
16:17:12,2,SLOW,LOW
16:17:13,2,SLOW,LOW
16:17:13,2,SLOW,LOW
16:17:13,2,SLOW,LOW
16:17:13,2,SLOW,LOW
16:17:13,2,SLOW,LOW
16:17:13,2,SLOW,LOW
16:17:13,2,SLOW,LOW
16:17:13,3,SLOW,LOW
16:17:13,3,SLOW,LOW
16:17:14,2,SLOW,LOW
16:17:14,2,SLOW,LOW
16:17:14,2,SLOW,LOW
16:17:14,2,SLOW,LOW
16:17:14,3,SLOW,LOW
16:17:14,3,SLOW,LOW
16:17:14,3,SLOW,LOW
16:17:14,3,SLOW,LOW
16:17:14,2,SLOW,LOW
16:17:15,3,SLOW,LOW
16:17:15,3,SLOW,LOW
16:17:15,3,SLOW,LOW
16:17:15,3,SLOW,LOW
16:17:15,3,SLOW,LOW
16:17:15,3,SLOW,LOW
16:17:15,3,SLOW,LOW
16:17:15,3,SLOW,LOW
16:17:16,3,SLOW,LOW
16:17:16,3,SLOW,LOW
16:17:16,3,SLOW,LOW
16:17:16,3,SLOW,LOW
16:17:16,3,SLOW,LOW
16:17:16,3,SLOW,LOW
16:17:16,3,SLOW,LOW
16:17:16,3,SLOW,LOW
16:17:16,3,SLOW,LOW
16:17:17,3,SLOW,LOW
16:17:17,2,SLOW,LOW
16:17:17,3,SLOW,LOW
16:17:17,2,SLOW,LOW
16:17:17,3,SLOW,LOW
16:17:17,3,SLOW,LOW
16:17:17,3,SLOW,LOW
16:17:17,2,SLOW,LOW
16:17:17,2,SLOW,LOW
16:17:18,3,SLOW,LOW
16:17:18,2,SLOW,LOW
16:17:18,2,SLOW,LOW
16:17:18,2,SLOW,LOW
16:17:18,2,SLOW,LOW
16:17:18,2,SLOW,LOW
16:17:18,3,SLOW,LOW
16:17:18,3,FAST,LOW
16:17:19,3,SLOW,LOW
16:17:19,4,SLOW,LOW
16:17:19,6,SLOW,MEDIUM
16:17:19,6,MEDIUM,MEDIUM
16:17:19,5,SLOW,MEDIUM
16:17:19,7,SLOW,MEDIUM
16:17:19,6,SLOW,MEDIUM
16:17:19,6,MEDIUM,MEDIUM
16:17:19,6,MEDIUM,MEDIUM
16:17:20,6,FAST,MEDIUM
16:17:20,4,SLOW,LOW
16:17:20,5,SLOW,MEDIUM
16:17:20,7,SLOW,MEDIUM
16:17:20,6,SLOW,MEDIUM
16:17:20,7,SLOW,MEDIUM
16:17:20,7,FAST,MEDIUM
16:17:20,7,FAST,MEDIUM
16:17:21,8,SLOW,MEDIUM
16:17:21,8,FAST,MEDIUM
16:17:21,6,SLOW,MEDIUM
16:17:21,6,FAST,MEDIUM
16:17:21,6,MEDIUM,MEDIUM
16:17:21,6,MEDIUM,MEDIUM
16:17:21,6,MEDIUM,MEDIUM
16:17:21,6,MEDIUM,MEDIUM
16:17:22,4,SLOW,LOW
16:17:22,5,SLOW,MEDIUM
16:17:22,4,SLOW,LOW
16:17:22,5,SLOW,MEDIUM
16:17:22,5,FAST,MEDIUM
16:17:22,6,SLOW,MEDIUM
16:17:22,4,SLOW,LOW
16:17:22,5,SLOW,MEDIUM
16:17:22,6,SLOW,MEDIUM
16:17:23,6,FAST,MEDIUM
16:17:23,5,SLOW,MEDIUM
16:17:23,8,SLOW,MEDIUM
16:17:23,7,SLOW,MEDIUM
16:17:23,7,MEDIUM,MEDIUM
16:17:23,5,SLOW,MEDIUM
16:17:23,6,SLOW,MEDIUM
16:17:23,5,SLOW,MEDIUM
16:17:24,4,SLOW,LOW
16:17:24,4,FAST,LOW
16:17:24,6,SLOW,MEDIUM
16:17:24,5,SLOW,MEDIUM
16:17:24,4,SLOW,LOW
16:17:24,6,SLOW,MEDIUM
16:17:24,6,FAST,MEDIUM
16:17:24,5,SLOW,MEDIUM
16:17:24,5,SLOW,MEDIUM
16:17:25,7,SLOW,MEDIUM
16:17:25,7,FAST,MEDIUM
16:17:25,7,FAST,MEDIUM
16:17:25,5,SLOW,MEDIUM
16:17:25,6,SLOW,MEDIUM
16:17:25,6,FAST,MEDIUM
16:17:25,6,FAST,MEDIUM
16:17:25,6,MEDIUM,MEDIUM
16:17:25,6,MEDIUM,MEDIUM
16:17:26,4,SLOW,LOW
16:17:26,5,SLOW,MEDIUM
16:17:26,5,MEDIUM,MEDIUM
16:17:26,4,SLOW,LOW
16:17:26,4,SLOW,LOW
16:17:26,4,SLOW,LOW
16:17:26,6,SLOW,MEDIUM
16:17:26,5,SLOW,MEDIUM
16:17:27,6,SLOW,MEDIUM
16:17:27,6,SLOW,MEDIUM
16:17:27,7,SLOW,MEDIUM
16:17:27,6,SLOW,MEDIUM
16:17:27,6,SLOW,MEDIUM
16:17:27,6,SLOW,MEDIUM
16:17:27,7,SLOW,MEDIUM
16:17:27,7,MEDIUM,MEDIUM
16:17:28,5,SLOW,MEDIUM
16:17:28,5,SLOW,MEDIUM
16:17:28,5,SLOW,MEDIUM
16:17:28,5,SLOW,MEDIUM
16:17:28,5,SLOW,MEDIUM
16:17:28,6,SLOW,MEDIUM
16:17:28,5,SLOW,MEDIUM
16:17:28,5,FAST,MEDIUM
16:17:28,4,SLOW,LOW
16:17:29,5,SLOW,MEDIUM
16:17:29,6,SLOW,MEDIUM
16:17:29,4,SLOW,LOW
16:17:29,0,SLOW,LOW
16:17:29,2,SLOW,LOW
16:17:29,1,SLOW,LOW
16:17:29,1,SLOW,LOW
16:17:29,1,SLOW,LOW
16:17:29,2,SLOW,LOW
16:17:30,3,SLOW,LOW
16:17:30,2,SLOW,LOW
16:17:30,2,SLOW,LOW
16:17:30,2,SLOW,LOW
16:17:30,2,SLOW,LOW
16:17:30,2,SLOW,LOW
16:17:30,3,SLOW,LOW
16:17:30,3,SLOW,LOW
16:17:30,3,SLOW,LOW
16:17:31,4,SLOW,LOW
16:17:31,3,SLOW,LOW
16:17:31,4,SLOW,LOW
16:17:31,4,SLOW,LOW
16:17:31,4,FAST,LOW
16:17:31,5,SLOW,MEDIUM
16:17:31,5,MEDIUM,MEDIUM
16:17:31,5,MEDIUM,MEDIUM
16:17:32,5,MEDIUM,MEDIUM
16:17:32,5,MEDIUM,MEDIUM
16:17:32,5,MEDIUM,MEDIUM
16:17:32,4,SLOW,LOW
16:17:32,5,SLOW,MEDIUM
16:17:32,5,MEDIUM,MEDIUM
16:17:32,5,MEDIUM,MEDIUM
16:17:32,5,MEDIUM,MEDIUM
16:17:32,5,MEDIUM,MEDIUM
16:17:33,5,SLOW,MEDIUM
16:17:33,5,MEDIUM,MEDIUM
16:17:33,5,SLOW,MEDIUM
16:17:33,4,SLOW,LOW
16:17:33,5,SLOW,MEDIUM
16:17:33,5,MEDIUM,MEDIUM
16:17:33,5,SLOW,MEDIUM
16:17:33,5,SLOW,MEDIUM
16:17:33,5,SLOW,MEDIUM
16:17:34,5,SLOW,MEDIUM
16:17:34,5,SLOW,MEDIUM
16:17:34,5,SLOW,MEDIUM
16:17:34,5,SLOW,MEDIUM
16:17:34,5,SLOW,MEDIUM
16:17:34,5,SLOW,MEDIUM
16:17:34,5,SLOW,MEDIUM
16:17:34,5,SLOW,MEDIUM
16:17:34,5,SLOW,MEDIUM
16:17:35,5,SLOW,MEDIUM
16:17:35,5,SLOW,MEDIUM
16:17:35,5,SLOW,MEDIUM
16:17:35,5,SLOW,MEDIUM
16:17:35,5,SLOW,MEDIUM
16:17:35,5,SLOW,MEDIUM
16:17:35,5,SLOW,MEDIUM
16:17:35,5,SLOW,MEDIUM
16:17:35,5,SLOW,MEDIUM
16:17:36,6,SLOW,MEDIUM
16:17:36,6,SLOW,MEDIUM
16:17:36,6,SLOW,MEDIUM
16:17:36,6,SLOW,MEDIUM
16:17:36,6,SLOW,MEDIUM
16:17:36,5,SLOW,MEDIUM
16:17:36,5,SLOW,MEDIUM
16:17:36,6,SLOW,MEDIUM
16:17:36,6,SLOW,MEDIUM
16:17:37,5,SLOW,MEDIUM
16:17:37,5,SLOW,MEDIUM
16:17:37,5,SLOW,MEDIUM
16:17:37,6,SLOW,MEDIUM
16:17:37,6,SLOW,MEDIUM
16:17:37,6,SLOW,MEDIUM
16:17:37,5,SLOW,MEDIUM
16:17:37,5,SLOW,MEDIUM
16:17:37,5,SLOW,MEDIUM
16:17:38,5,SLOW,MEDIUM
16:17:38,5,SLOW,MEDIUM
16:17:38,5,SLOW,MEDIUM
16:17:38,5,FAST,MEDIUM
16:17:38,5,SLOW,MEDIUM
16:17:38,5,SLOW,MEDIUM
16:17:38,5,SLOW,MEDIUM
16:17:38,5,SLOW,MEDIUM
16:17:38,5,SLOW,MEDIUM
16:17:39,5,SLOW,MEDIUM
16:17:39,5,SLOW,MEDIUM
16:17:39,5,SLOW,MEDIUM
16:17:39,5,SLOW,MEDIUM
16:17:39,5,SLOW,MEDIUM
16:17:39,5,SLOW,MEDIUM
16:17:39,5,SLOW,MEDIUM
16:17:39,5,SLOW,MEDIUM
16:17:39,5,SLOW,MEDIUM
16:17:40,5,SLOW,MEDIUM
16:17:40,5,SLOW,MEDIUM
16:17:40,5,SLOW,MEDIUM
16:17:40,5,SLOW,MEDIUM
16:17:40,5,SLOW,MEDIUM
16:17:40,5,SLOW,MEDIUM
16:17:40,5,SLOW,MEDIUM
16:17:40,5,SLOW,MEDIUM
16:17:40,7,SLOW,MEDIUM
16:17:41,6,SLOW,MEDIUM
16:17:41,7,SLOW,MEDIUM
16:17:41,6,SLOW,MEDIUM
16:17:41,7,SLOW,MEDIUM
16:17:41,6,SLOW,MEDIUM
16:17:41,5,SLOW,MEDIUM
16:17:41,5,SLOW,MEDIUM
16:17:41,6,SLOW,MEDIUM
16:17:41,6,FAST,MEDIUM
16:17:42,5,SLOW,MEDIUM
16:17:42,4,SLOW,LOW
16:17:42,5,SLOW,MEDIUM
16:17:42,5,SLOW,MEDIUM
16:17:42,5,FAST,MEDIUM
16:17:42,6,SLOW,MEDIUM
16:17:42,5,SLOW,MEDIUM
16:17:42,5,SLOW,MEDIUM
16:17:42,5,SLOW,MEDIUM
16:17:43,5,SLOW,MEDIUM
16:17:43,6,SLOW,MEDIUM
16:17:43,5,SLOW,MEDIUM
16:17:43,6,SLOW,MEDIUM
16:17:43,7,SLOW,MEDIUM
16:17:43,7,FAST,MEDIUM
16:17:43,8,SLOW,MEDIUM
16:17:43,7,SLOW,MEDIUM
16:17:44,6,SLOW,MEDIUM
16:17:44,6,FAST,MEDIUM
16:17:44,7,SLOW,MEDIUM
16:17:44,7,FAST,MEDIUM
16:17:44,5,SLOW,MEDIUM
16:17:44,7,SLOW,MEDIUM
16:17:44,8,SLOW,MEDIUM
16:17:44,7,SLOW,MEDIUM
16:17:44,7,FAST,MEDIUM
16:17:45,6,SLOW,MEDIUM
16:17:45,8,SLOW,MEDIUM
16:17:45,7,SLOW,MEDIUM
16:17:45,8,SLOW,MEDIUM
16:17:45,9,SLOW,MEDIUM
16:17:45,6,SLOW,MEDIUM
16:17:45,6,SLOW,MEDIUM
16:17:45,6,SLOW,MEDIUM
16:17:46,7,SLOW,MEDIUM
16:17:46,6,SLOW,MEDIUM
16:17:46,7,SLOW,MEDIUM
16:17:46,6,SLOW,MEDIUM
16:17:46,6,SLOW,MEDIUM
16:17:46,6,SLOW,MEDIUM
16:17:46,6,SLOW,MEDIUM
16:17:46,7,SLOW,MEDIUM
16:17:46,6,SLOW,MEDIUM
16:17:47,6,SLOW,MEDIUM
16:17:47,6,SLOW,MEDIUM
16:17:47,6,SLOW,MEDIUM
16:17:47,6,MEDIUM,MEDIUM
16:17:47,6,SLOW,MEDIUM
16:17:47,6,SLOW,MEDIUM
16:17:47,5,SLOW,MEDIUM
16:17:47,7,SLOW,MEDIUM
16:17:48,6,SLOW,MEDIUM
16:17:48,6,SLOW,MEDIUM
16:17:48,6,SLOW,MEDIUM
16:17:48,6,SLOW,MEDIUM
16:17:48,6,SLOW,MEDIUM
16:17:48,6,SLOW,MEDIUM
16:17:48,6,SLOW,MEDIUM
16:17:48,6,SLOW,MEDIUM
16:17:48,8,SLOW,MEDIUM
16:17:49,8,SLOW,MEDIUM
16:17:49,7,SLOW,MEDIUM
16:17:49,7,SLOW,MEDIUM
16:17:49,7,SLOW,MEDIUM
16:17:49,7,SLOW,MEDIUM
16:17:49,7,SLOW,MEDIUM
16:17:49,8,SLOW,MEDIUM
16:17:49,7,SLOW,MEDIUM
16:17:50,8,SLOW,MEDIUM
16:17:50,8,SLOW,MEDIUM
16:17:50,7,SLOW,MEDIUM
16:17:50,7,SLOW,MEDIUM
16:17:50,7,SLOW,MEDIUM
16:17:50,7,SLOW,MEDIUM
16:17:50,7,SLOW,MEDIUM
16:17:50,7,SLOW,MEDIUM
16:17:50,7,SLOW,MEDIUM
16:17:51,7,SLOW,MEDIUM
16:17:51,7,SLOW,MEDIUM
16:17:51,6,SLOW,MEDIUM
16:17:51,7,SLOW,MEDIUM
16:17:51,7,SLOW,MEDIUM
16:17:51,7,SLOW,MEDIUM
16:17:51,7,SLOW,MEDIUM
16:17:51,6,SLOW,MEDIUM
16:17:52,7,SLOW,MEDIUM
16:17:52,7,SLOW,MEDIUM
16:17:52,6,SLOW,MEDIUM
16:17:52,7,SLOW,MEDIUM
16:17:52,7,SLOW,MEDIUM
16:17:52,7,SLOW,MEDIUM
16:17:52,7,SLOW,MEDIUM
16:17:52,7,FAST,MEDIUM
16:17:53,7,SLOW,MEDIUM
16:17:53,8,SLOW,MEDIUM
16:17:53,8,SLOW,MEDIUM
16:17:53,8,SLOW,MEDIUM
16:17:53,9,SLOW,MEDIUM
16:17:53,8,SLOW,MEDIUM
16:17:53,7,SLOW,MEDIUM
16:17:53,6,SLOW,MEDIUM
16:17:54,6,SLOW,MEDIUM
16:17:54,6,SLOW,MEDIUM
16:17:54,6,SLOW,MEDIUM
16:17:54,6,SLOW,MEDIUM
16:17:54,6,SLOW,MEDIUM
16:17:54,6,SLOW,MEDIUM
16:17:54,6,SLOW,MEDIUM
16:17:54,6,SLOW,MEDIUM
16:17:54,6,SLOW,MEDIUM
16:17:55,6,SLOW,MEDIUM
16:17:55,6,SLOW,MEDIUM
16:17:55,6,SLOW,MEDIUM
16:17:55,7,SLOW,MEDIUM
16:17:55,6,SLOW,MEDIUM
16:17:55,6,SLOW,MEDIUM
16:17:55,6,SLOW,MEDIUM
16:17:55,6,SLOW,MEDIUM
16:17:56,6,SLOW,MEDIUM
16:17:56,6,SLOW,MEDIUM
16:17:56,7,SLOW,MEDIUM
16:17:56,8,SLOW,MEDIUM
16:17:56,6,SLOW,MEDIUM
16:17:56,6,SLOW,MEDIUM
16:17:56,6,SLOW,MEDIUM
16:17:56,6,SLOW,MEDIUM
16:17:57,7,SLOW,MEDIUM
16:17:57,6,SLOW,MEDIUM
16:17:57,7,SLOW,MEDIUM
16:17:57,6,SLOW,MEDIUM
16:17:57,7,SLOW,MEDIUM
16:17:57,7,SLOW,MEDIUM
16:17:57,8,SLOW,MEDIUM
16:17:57,7,SLOW,MEDIUM
16:17:58,8,SLOW,MEDIUM
16:17:58,7,SLOW,MEDIUM
16:17:58,8,SLOW,MEDIUM
16:17:58,7,SLOW,MEDIUM
16:17:58,6,SLOW,MEDIUM
16:17:58,5,SLOW,MEDIUM
16:17:58,7,SLOW,MEDIUM
16:17:58,7,FAST,MEDIUM
16:17:58,6,SLOW,MEDIUM
16:17:59,7,SLOW,MEDIUM
16:17:59,7,FAST,MEDIUM
16:17:59,6,SLOW,MEDIUM
16:17:59,6,FAST,MEDIUM
16:17:59,6,MEDIUM,MEDIUM
16:17:59,6,MEDIUM,MEDIUM
16:17:59,6,MEDIUM,MEDIUM
16:17:59,6,MEDIUM,MEDIUM
16:18:00,6,SLOW,MEDIUM
16:18:00,6,SLOW,MEDIUM
16:18:00,6,MEDIUM,MEDIUM
16:18:00,6,SLOW,MEDIUM
16:18:00,7,SLOW,MEDIUM
16:18:00,7,SLOW,MEDIUM
16:18:00,7,SLOW,MEDIUM
16:18:00,6,SLOW,MEDIUM
16:18:01,6,SLOW,MEDIUM
16:18:01,8,SLOW,MEDIUM
16:18:01,7,SLOW,MEDIUM
16:18:01,7,SLOW,MEDIUM
16:18:01,5,SLOW,MEDIUM
16:18:01,6,SLOW,MEDIUM
16:18:01,6,SLOW,MEDIUM
16:18:01,6,SLOW,MEDIUM
16:18:01,6,SLOW,MEDIUM
16:18:02,6,SLOW,MEDIUM
16:18:02,7,SLOW,MEDIUM
16:18:02,6,SLOW,MEDIUM
16:18:02,6,SLOW,MEDIUM
16:18:02,6,SLOW,MEDIUM
16:18:02,6,SLOW,MEDIUM
16:18:02,6,SLOW,MEDIUM
16:18:02,6,SLOW,MEDIUM
16:18:02,6,SLOW,MEDIUM
16:18:03,6,SLOW,MEDIUM
16:18:03,6,SLOW,MEDIUM
16:18:03,6,SLOW,MEDIUM
16:18:03,6,SLOW,MEDIUM
16:18:03,6,SLOW,MEDIUM
16:18:03,6,SLOW,MEDIUM
16:18:03,6,SLOW,MEDIUM
16:18:03,6,SLOW,MEDIUM
16:18:04,6,SLOW,MEDIUM
16:18:04,6,SLOW,MEDIUM
16:18:04,6,SLOW,MEDIUM
16:18:04,6,SLOW,MEDIUM
16:18:04,6,SLOW,MEDIUM
16:18:04,6,SLOW,MEDIUM
16:18:04,6,SLOW,MEDIUM
16:18:04,6,SLOW,MEDIUM
16:18:04,6,SLOW,MEDIUM
16:18:05,6,SLOW,MEDIUM
16:18:05,6,SLOW,MEDIUM
16:18:05,6,SLOW,MEDIUM
16:18:05,6,SLOW,MEDIUM
16:18:05,6,SLOW,MEDIUM
16:18:05,7,SLOW,MEDIUM
16:18:05,7,FAST,MEDIUM
16:18:05,7,SLOW,MEDIUM
16:18:05,7,SLOW,MEDIUM
16:18:06,6,SLOW,MEDIUM
16:18:06,6,SLOW,MEDIUM
16:18:06,6,SLOW,MEDIUM
16:18:06,6,SLOW,MEDIUM
16:18:06,6,SLOW,MEDIUM
16:18:06,6,SLOW,MEDIUM
16:18:06,6,SLOW,MEDIUM
16:18:06,6,SLOW,MEDIUM
16:18:06,6,SLOW,MEDIUM
16:18:07,6,SLOW,MEDIUM
16:18:07,6,SLOW,MEDIUM
16:18:07,6,SLOW,MEDIUM
16:18:07,6,SLOW,MEDIUM
16:18:07,6,SLOW,MEDIUM
16:18:07,6,SLOW,MEDIUM
16:18:07,6,SLOW,MEDIUM
16:18:07,6,SLOW,MEDIUM
16:18:07,6,SLOW,MEDIUM
16:18:08,6,SLOW,MEDIUM
16:18:08,6,SLOW,MEDIUM
16:18:08,6,SLOW,MEDIUM
16:18:08,6,SLOW,MEDIUM
16:18:08,6,SLOW,MEDIUM
16:18:08,6,SLOW,MEDIUM
16:18:08,6,SLOW,MEDIUM
16:18:08,6,SLOW,MEDIUM
16:18:08,6,SLOW,MEDIUM
16:18:09,6,SLOW,MEDIUM
16:18:09,6,SLOW,MEDIUM
16:18:09,7,SLOW,MEDIUM
16:18:09,7,SLOW,MEDIUM
16:18:09,7,SLOW,MEDIUM
16:18:09,7,SLOW,MEDIUM
16:18:09,7,SLOW,MEDIUM
16:18:09,7,SLOW,MEDIUM
16:18:09,7,SLOW,MEDIUM
16:18:10,7,SLOW,MEDIUM
16:18:10,7,SLOW,MEDIUM
16:18:10,7,SLOW,MEDIUM
16:18:10,7,SLOW,MEDIUM
16:18:10,7,SLOW,MEDIUM
16:18:10,7,SLOW,MEDIUM
16:18:10,7,SLOW,MEDIUM
16:18:10,7,SLOW,MEDIUM
16:18:10,7,SLOW,MEDIUM
16:18:11,7,SLOW,MEDIUM
16:18:11,7,SLOW,MEDIUM
16:18:11,7,SLOW,MEDIUM
16:18:11,7,SLOW,MEDIUM
16:18:11,7,SLOW,MEDIUM
16:18:11,7,SLOW,MEDIUM
16:18:11,7,SLOW,MEDIUM
16:18:11,7,SLOW,MEDIUM
16:18:11,7,SLOW,MEDIUM
16:18:12,7,SLOW,MEDIUM
16:18:12,7,SLOW,MEDIUM
16:18:12,7,SLOW,MEDIUM
16:18:12,7,SLOW,MEDIUM
16:18:12,7,SLOW,MEDIUM
16:18:12,7,SLOW,MEDIUM
16:18:12,7,SLOW,MEDIUM
16:18:12,7,SLOW,MEDIUM
16:18:12,7,SLOW,MEDIUM
16:18:13,7,SLOW,MEDIUM
16:18:13,7,SLOW,MEDIUM
16:18:13,7,SLOW,MEDIUM
16:18:13,7,SLOW,MEDIUM
16:18:13,7,SLOW,MEDIUM
16:18:13,7,SLOW,MEDIUM
16:18:13,7,SLOW,MEDIUM
16:18:13,7,SLOW,MEDIUM
16:18:13,7,SLOW,MEDIUM
16:18:14,7,SLOW,MEDIUM
16:18:14,7,SLOW,MEDIUM
16:18:14,7,SLOW,MEDIUM
16:18:14,7,SLOW,MEDIUM
16:18:14,7,SLOW,MEDIUM
16:18:14,7,SLOW,MEDIUM
16:18:14,9,SLOW,MEDIUM
16:18:14,9,SLOW,MEDIUM
16:18:14,10,SLOW,MEDIUM
16:18:15,9,SLOW,MEDIUM
16:18:15,8,SLOW,MEDIUM
16:18:15,8,SLOW,MEDIUM
16:18:15,8,SLOW,MEDIUM
16:18:15,8,SLOW,MEDIUM
16:18:15,8,SLOW,MEDIUM
16:18:15,8,SLOW,MEDIUM
16:18:15,8,FAST,MEDIUM
16:18:16,8,SLOW,MEDIUM
16:18:16,8,SLOW,MEDIUM
16:18:16,7,SLOW,MEDIUM
16:18:16,7,SLOW,MEDIUM
16:18:16,7,SLOW,MEDIUM
16:18:16,8,SLOW,MEDIUM
16:18:16,8,SLOW,MEDIUM
16:18:16,8,FAST,MEDIUM
16:18:16,8,SLOW,MEDIUM
16:18:17,9,SLOW,MEDIUM
16:18:17,8,SLOW,MEDIUM
16:18:17,7,SLOW,MEDIUM
16:18:17,7,SLOW,MEDIUM
16:18:17,8,SLOW,MEDIUM
16:18:17,7,SLOW,MEDIUM
16:18:17,7,SLOW,MEDIUM
time,vehicles,speed,traffic
16:20:53,6,SLOW,MEDIUM
16:20:53,6,SLOW,MEDIUM
16:20:53,6,SLOW,MEDIUM
16:20:53,6,SLOW,MEDIUM
16:20:53,6,SLOW,MEDIUM
16:20:53,6,SLOW,MEDIUM
16:20:53,6,SLOW,MEDIUM
16:20:53,5,SLOW,MEDIUM
16:20:53,4,SLOW,LOW
16:20:54,5,SLOW,MEDIUM
16:20:54,3,SLOW,LOW
16:20:54,4,SLOW,LOW
16:20:54,5,SLOW,MEDIUM
16:20:54,4,SLOW,LOW
16:20:54,4,SLOW,LOW
16:20:54,4,SLOW,LOW
16:20:54,4,SLOW,LOW
16:20:54,4,SLOW,LOW
16:20:55,4,SLOW,LOW
16:20:55,4,SLOW,LOW
16:20:55,5,SLOW,MEDIUM
16:20:55,4,SLOW,LOW
16:20:55,4,SLOW,LOW
16:20:55,4,SLOW,LOW
16:20:55,4,SLOW,LOW
16:20:56,4,SLOW,LOW
16:20:56,4,SLOW,LOW
16:20:56,4,SLOW,LOW
16:20:56,4,SLOW,LOW
16:20:56,4,SLOW,LOW
16:20:56,5,SLOW,MEDIUM
16:20:56,6,SLOW,MEDIUM
16:20:56,4,SLOW,LOW
16:20:57,4,SLOW,LOW
16:20:57,5,SLOW,MEDIUM
16:20:57,5,SLOW,MEDIUM
16:20:57,5,SLOW,MEDIUM
16:20:57,6,SLOW,MEDIUM
16:20:57,6,SLOW,MEDIUM
16:20:58,6,SLOW,MEDIUM
16:20:58,4,SLOW,LOW
16:20:58,4,SLOW,LOW
16:20:58,4,SLOW,LOW
16:20:58,5,SLOW,MEDIUM
16:20:58,5,SLOW,MEDIUM
16:20:58,4,SLOW,LOW
16:20:58,4,FAST,LOW
16:20:59,5,SLOW,MEDIUM
16:20:59,4,SLOW,LOW
16:20:59,4,FAST,LOW
16:20:59,4,FAST,LOW
16:20:59,4,SLOW,LOW
16:20:59,4,SLOW,LOW
16:20:59,5,SLOW,MEDIUM
16:20:59,5,SLOW,MEDIUM
16:21:00,5,SLOW,MEDIUM
16:21:00,5,SLOW,MEDIUM
16:21:00,5,SLOW,MEDIUM
16:21:00,5,SLOW,MEDIUM
16:21:00,5,SLOW,MEDIUM
16:21:00,5,SLOW,MEDIUM
16:21:00,5,SLOW,MEDIUM
16:21:00,5,SLOW,MEDIUM
16:21:00,5,SLOW,MEDIUM
16:21:01,5,SLOW,MEDIUM
16:21:01,5,SLOW,MEDIUM
16:21:01,5,SLOW,MEDIUM
16:21:01,4,SLOW,LOW
16:21:01,4,SLOW,LOW
16:21:01,4,SLOW,LOW
16:21:01,4,SLOW,LOW
16:21:01,4,SLOW,LOW
16:21:01,4,SLOW,LOW
16:21:02,4,SLOW,LOW
16:21:02,4,SLOW,LOW
16:21:02,4,SLOW,LOW
16:21:02,4,SLOW,LOW
16:21:02,4,SLOW,LOW
16:21:02,4,SLOW,LOW
16:21:02,4,SLOW,LOW
16:21:02,4,SLOW,LOW
16:21:03,4,SLOW,LOW
16:21:03,4,SLOW,LOW
16:21:03,4,SLOW,LOW
16:21:03,4,SLOW,LOW
16:21:03,4,SLOW,LOW
16:21:03,4,SLOW,LOW
16:21:03,4,SLOW,LOW
16:21:03,4,SLOW,LOW
16:21:03,4,SLOW,LOW
16:21:04,4,SLOW,LOW
16:21:04,4,SLOW,LOW
16:21:04,4,SLOW,LOW
16:21:04,4,SLOW,LOW
16:21:04,4,SLOW,LOW
16:21:04,4,SLOW,LOW
16:21:04,4,SLOW,LOW
16:21:04,4,SLOW,LOW
16:21:04,4,SLOW,LOW
16:21:05,4,SLOW,LOW
16:21:05,4,SLOW,LOW
16:21:05,5,SLOW,MEDIUM
16:21:05,5,SLOW,MEDIUM
16:21:05,5,SLOW,MEDIUM
16:21:05,5,SLOW,MEDIUM
16:21:05,4,SLOW,LOW
16:21:05,4,SLOW,LOW
16:21:05,4,SLOW,LOW
16:21:06,4,SLOW,LOW
16:21:06,4,SLOW,LOW
16:21:06,5,SLOW,MEDIUM
16:21:06,4,SLOW,LOW
16:21:06,4,SLOW,LOW
16:21:06,4,SLOW,LOW
16:21:06,4,SLOW,LOW
16:21:06,4,SLOW,LOW
16:21:06,4,SLOW,LOW
16:21:07,4,SLOW,LOW
16:21:07,4,SLOW,LOW
16:21:07,4,SLOW,LOW
16:21:07,4,SLOW,LOW
16:21:07,4,SLOW,LOW
16:21:07,3,SLOW,LOW
16:21:07,3,SLOW,LOW
16:21:07,4,SLOW,LOW
16:21:08,3,SLOW,LOW
16:21:08,4,SLOW,LOW
16:21:08,4,SLOW,LOW
16:21:08,4,SLOW,LOW
16:21:08,4,SLOW,LOW
16:21:08,3,SLOW,LOW
16:21:08,4,SLOW,LOW
16:21:08,3,SLOW,LOW
16:21:08,3,SLOW,LOW
16:21:09,4,SLOW,LOW
16:21:09,4,SLOW,LOW
16:21:09,4,SLOW,LOW
16:21:09,4,SLOW,LOW
16:21:09,5,SLOW,MEDIUM
16:21:09,5,SLOW,MEDIUM
16:21:09,4,SLOW,LOW
16:21:09,4,SLOW,LOW
16:21:09,4,SLOW,LOW
16:21:10,4,SLOW,LOW
16:21:10,4,SLOW,LOW
16:21:10,4,SLOW,LOW
16:21:10,5,SLOW,MEDIUM
16:21:10,4,SLOW,LOW
16:21:10,4,SLOW,LOW
16:21:10,4,SLOW,LOW
16:21:10,4,SLOW,LOW
16:21:10,4,SLOW,LOW
16:21:11,4,SLOW,LOW
16:21:11,4,SLOW,LOW
16:21:11,4,SLOW,LOW
16:21:11,4,SLOW,LOW
16:21:11,4,SLOW,LOW
16:21:11,4,SLOW,LOW
16:21:11,4,SLOW,LOW
16:21:11,4,SLOW,LOW
16:21:11,4,SLOW,LOW
16:21:12,4,SLOW,LOW
16:21:12,5,SLOW,MEDIUM
16:21:12,5,SLOW,MEDIUM
16:21:12,5,MEDIUM,MEDIUM
16:21:12,5,MEDIUM,MEDIUM
16:21:12,4,SLOW,LOW
16:21:12,6,SLOW,MEDIUM
16:21:12,5,SLOW,MEDIUM
16:21:12,5,SLOW,MEDIUM
16:21:13,4,SLOW,LOW
16:21:13,4,SLOW,LOW
16:21:13,5,SLOW,MEDIUM
16:21:13,5,SLOW,MEDIUM
16:21:13,5,SLOW,MEDIUM
16:21:13,5,SLOW,MEDIUM
16:21:13,5,SLOW,MEDIUM
16:21:13,5,SLOW,MEDIUM
16:21:13,5,SLOW,MEDIUM
16:21:14,5,SLOW,MEDIUM
16:21:14,6,SLOW,MEDIUM
16:21:14,6,SLOW,MEDIUM
16:21:14,5,SLOW,MEDIUM
16:21:14,5,SLOW,MEDIUM
16:21:14,5,SLOW,MEDIUM
16:21:14,5,SLOW,MEDIUM
16:21:14,5,SLOW,MEDIUM
16:21:14,5,SLOW,MEDIUM
16:21:15,5,SLOW,MEDIUM
16:21:15,5,SLOW,MEDIUM
16:21:15,5,SLOW,MEDIUM
16:21:15,5,SLOW,MEDIUM
16:21:15,5,SLOW,MEDIUM
16:21:15,5,SLOW,MEDIUM
16:21:15,5,SLOW,MEDIUM
16:21:15,5,SLOW,MEDIUM
16:21:15,5,SLOW,MEDIUM
16:21:15,5,SLOW,MEDIUM
16:21:16,5,SLOW,MEDIUM
16:21:16,5,SLOW,MEDIUM
16:21:16,5,SLOW,MEDIUM
16:21:16,5,SLOW,MEDIUM
16:21:16,5,SLOW,MEDIUM
16:21:16,5,SLOW,MEDIUM
16:21:16,5,SLOW,MEDIUM
16:21:16,5,SLOW,MEDIUM
16:21:17,5,SLOW,MEDIUM
16:21:17,5,SLOW,MEDIUM
16:21:17,5,SLOW,MEDIUM
16:21:17,5,SLOW,MEDIUM
16:21:17,5,SLOW,MEDIUM
16:21:17,5,SLOW,MEDIUM
16:21:17,5,SLOW,MEDIUM
16:21:17,5,SLOW,MEDIUM
16:21:18,5,SLOW,MEDIUM
16:21:18,5,SLOW,MEDIUM
16:21:18,5,SLOW,MEDIUM
16:21:18,5,SLOW,MEDIUM
16:21:18,5,SLOW,MEDIUM
16:21:18,5,SLOW,MEDIUM
16:21:18,5,SLOW,MEDIUM
16:21:18,5,SLOW,MEDIUM
16:21:18,5,SLOW,MEDIUM
16:21:19,5,SLOW,MEDIUM
16:21:19,6,SLOW,MEDIUM
16:21:19,6,SLOW,MEDIUM
16:21:19,6,SLOW,MEDIUM
16:21:19,6,SLOW,MEDIUM
16:21:19,6,SLOW,MEDIUM
16:21:19,6,SLOW,MEDIUM
16:21:19,6,SLOW,MEDIUM
16:21:20,6,SLOW,MEDIUM
16:21:20,6,SLOW,MEDIUM
16:21:20,6,SLOW,MEDIUM
16:21:20,6,SLOW,MEDIUM
16:21:20,6,SLOW,MEDIUM
16:21:20,6,SLOW,MEDIUM
16:21:20,6,SLOW,MEDIUM
16:21:20,6,SLOW,MEDIUM
16:21:20,6,SLOW,MEDIUM
16:21:21,6,SLOW,MEDIUM
16:21:21,6,SLOW,MEDIUM
16:21:21,6,SLOW,MEDIUM
16:21:21,6,SLOW,MEDIUM
16:21:21,6,SLOW,MEDIUM
16:21:21,6,SLOW,MEDIUM
16:21:21,6,SLOW,MEDIUM
16:21:21,6,SLOW,MEDIUM
16:21:21,6,SLOW,MEDIUM
16:21:22,6,SLOW,MEDIUM
16:21:22,6,SLOW,MEDIUM
16:21:22,6,SLOW,MEDIUM
16:21:22,6,SLOW,MEDIUM
16:21:22,6,SLOW,MEDIUM
16:21:22,6,SLOW,MEDIUM
16:21:22,6,SLOW,MEDIUM
16:21:22,6,SLOW,MEDIUM
16:21:22,6,SLOW,MEDIUM
16:21:23,6,SLOW,MEDIUM
16:21:23,6,SLOW,MEDIUM
16:21:23,7,SLOW,MEDIUM
16:21:23,5,SLOW,MEDIUM
16:21:23,5,SLOW,MEDIUM
16:21:23,5,SLOW,MEDIUM
16:21:23,6,SLOW,MEDIUM
16:21:23,7,SLOW,MEDIUM
16:21:23,7,FAST,MEDIUM
16:21:24,7,FAST,MEDIUM
16:21:24,7,SLOW,MEDIUM
16:21:24,7,SLOW,MEDIUM
16:21:24,7,SLOW,MEDIUM
16:21:24,5,SLOW,MEDIUM
16:21:24,5,SLOW,MEDIUM
16:21:24,6,SLOW,MEDIUM
16:21:24,7,SLOW,MEDIUM
16:21:24,7,SLOW,MEDIUM
16:21:25,6,SLOW,MEDIUM
16:21:25,6,SLOW,MEDIUM
16:21:25,7,SLOW,MEDIUM
16:21:25,7,SLOW,MEDIUM
16:21:25,5,SLOW,MEDIUM
16:21:25,7,SLOW,MEDIUM
16:21:25,7,SLOW,MEDIUM
16:21:25,8,SLOW,MEDIUM
16:21:25,7,SLOW,MEDIUM
16:21:26,8,SLOW,MEDIUM
16:21:26,8,SLOW,MEDIUM
16:21:26,8,SLOW,MEDIUM
16:21:26,8,FAST,MEDIUM
16:21:26,7,SLOW,MEDIUM
16:21:26,6,SLOW,MEDIUM
16:21:26,7,SLOW,MEDIUM
16:21:26,7,SLOW,MEDIUM
16:21:27,6,SLOW,MEDIUM
16:21:27,6,SLOW,MEDIUM
16:21:27,6,SLOW,MEDIUM
16:21:27,6,SLOW,MEDIUM
16:21:27,6,SLOW,MEDIUM
16:21:27,6,SLOW,MEDIUM
16:21:27,6,SLOW,MEDIUM
16:21:27,6,SLOW,MEDIUM
16:21:27,6,SLOW,MEDIUM
16:21:28,5,SLOW,MEDIUM
16:21:28,5,SLOW,MEDIUM
16:21:28,5,SLOW,MEDIUM
16:21:28,4,SLOW,LOW
16:21:28,6,SLOW,MEDIUM
16:21:28,5,SLOW,MEDIUM
16:21:28,3,SLOW,LOW
16:21:28,4,SLOW,LOW
16:21:28,4,SLOW,LOW
16:21:29,4,SLOW,LOW
16:21:29,5,SLOW,MEDIUM
16:21:29,5,SLOW,MEDIUM
16:21:29,5,SLOW,MEDIUM
16:21:29,5,SLOW,MEDIUM
16:21:29,5,SLOW,MEDIUM
16:21:29,5,SLOW,MEDIUM
16:21:29,5,SLOW,MEDIUM
16:21:29,5,SLOW,MEDIUM
16:21:30,4,SLOW,LOW
16:21:30,4,SLOW,LOW
16:21:30,4,SLOW,LOW
16:21:30,4,SLOW,LOW
16:21:30,4,SLOW,LOW
16:21:30,6,SLOW,MEDIUM
16:21:30,6,SLOW,MEDIUM
16:21:30,6,SLOW,MEDIUM
16:21:30,6,SLOW,MEDIUM
16:21:31,6,SLOW,MEDIUM
16:21:31,6,SLOW,MEDIUM
16:21:31,6,SLOW,MEDIUM
16:21:31,6,SLOW,MEDIUM
16:21:31,6,SLOW,MEDIUM
16:21:31,6,SLOW,MEDIUM
16:21:31,7,SLOW,MEDIUM
16:21:31,6,SLOW,MEDIUM
16:21:31,6,SLOW,MEDIUM
16:21:32,6,SLOW,MEDIUM
16:21:32,6,SLOW,MEDIUM
16:21:32,7,SLOW,MEDIUM
16:21:32,6,SLOW,MEDIUM
16:21:32,5,SLOW,MEDIUM
16:21:32,5,SLOW,MEDIUM
16:21:32,5,SLOW,MEDIUM
16:21:32,5,SLOW,MEDIUM
16:21:32,5,SLOW,MEDIUM
16:21:33,5,SLOW,MEDIUM
16:21:33,5,SLOW,MEDIUM
16:21:33,5,SLOW,MEDIUM
16:21:33,5,SLOW,MEDIUM
16:21:33,5,SLOW,MEDIUM
16:21:33,5,SLOW,MEDIUM
16:21:33,5,SLOW,MEDIUM
16:21:33,6,SLOW,MEDIUM
16:21:33,5,SLOW,MEDIUM
16:21:34,5,SLOW,MEDIUM
16:21:34,5,SLOW,MEDIUM
16:21:34,5,MEDIUM,MEDIUM
16:21:34,5,MEDIUM,MEDIUM
16:21:34,5,MEDIUM,MEDIUM
16:21:34,5,MEDIUM,MEDIUM
16:21:34,5,MEDIUM,MEDIUM
16:21:34,4,SLOW,LOW
16:21:35,5,SLOW,MEDIUM
16:21:35,5,MEDIUM,MEDIUM
16:21:35,5,MEDIUM,MEDIUM
16:21:35,5,MEDIUM,MEDIUM
16:21:35,6,SLOW,MEDIUM
16:21:35,6,MEDIUM,MEDIUM
16:21:35,5,SLOW,MEDIUM
16:21:35,5,MEDIUM,MEDIUM
16:21:35,5,MEDIUM,MEDIUM
16:21:36,5,FAST,MEDIUM
16:21:36,6,SLOW,MEDIUM
16:21:36,5,SLOW,MEDIUM
16:21:36,5,FAST,MEDIUM
16:21:36,6,SLOW,MEDIUM
16:21:36,6,FAST,MEDIUM
16:21:36,7,SLOW,MEDIUM
16:21:36,7,FAST,MEDIUM
16:21:36,5,SLOW,MEDIUM
16:21:37,7,SLOW,MEDIUM
16:21:37,7,FAST,MEDIUM
16:21:37,8,SLOW,MEDIUM
16:21:37,8,MEDIUM,MEDIUM
16:21:37,8,MEDIUM,MEDIUM
16:21:37,8,MEDIUM,MEDIUM
16:21:37,8,MEDIUM,MEDIUM
16:21:37,8,MEDIUM,MEDIUM
16:21:38,8,MEDIUM,MEDIUM
16:21:38,7,SLOW,MEDIUM
16:21:38,8,SLOW,MEDIUM
16:21:38,7,SLOW,MEDIUM
16:21:38,6,SLOW,MEDIUM
16:21:38,4,SLOW,LOW
16:21:38,7,SLOW,MEDIUM
16:21:38,6,SLOW,MEDIUM
16:21:39,5,SLOW,MEDIUM
16:21:39,3,SLOW,LOW
16:21:39,4,SLOW,LOW
16:21:39,6,SLOW,MEDIUM
16:21:39,6,SLOW,MEDIUM
16:21:39,6,SLOW,MEDIUM
16:21:39,5,SLOW,MEDIUM
16:21:39,5,SLOW,MEDIUM
16:21:39,3,SLOW,LOW
16:21:40,4,SLOW,LOW
16:21:40,4,SLOW,LOW
16:21:40,4,SLOW,LOW
16:21:40,4,SLOW,LOW
16:21:40,4,SLOW,LOW
16:21:40,6,SLOW,MEDIUM
16:21:40,4,SLOW,LOW
16:21:40,5,SLOW,MEDIUM
16:21:41,5,FAST,MEDIUM
16:21:41,5,SLOW,MEDIUM
16:21:41,4,SLOW,LOW
16:21:41,5,SLOW,MEDIUM
16:21:41,6,SLOW,MEDIUM
16:21:41,5,SLOW,MEDIUM
16:21:41,5,SLOW,MEDIUM
16:21:41,5,SLOW,MEDIUM
16:21:41,5,SLOW,MEDIUM
16:21:42,4,SLOW,LOW
16:21:42,5,SLOW,MEDIUM
16:21:42,5,SLOW,MEDIUM
16:21:42,5,SLOW,MEDIUM
16:21:42,4,SLOW,LOW
16:21:42,4,FAST,LOW
16:21:42,3,SLOW,LOW
16:21:42,3,SLOW,LOW
16:21:42,4,SLOW,LOW
16:21:43,3,SLOW,LOW
16:21:43,4,SLOW,LOW
16:21:43,4,FAST,LOW
16:21:43,3,SLOW,LOW
16:21:43,4,SLOW,LOW
16:21:43,3,SLOW,LOW
16:21:43,4,SLOW,LOW
16:21:43,4,SLOW,LOW
16:21:44,3,SLOW,LOW
16:21:44,4,SLOW,LOW
16:21:44,3,SLOW,LOW
16:21:44,3,SLOW,LOW
16:21:44,2,SLOW,LOW
16:21:44,3,SLOW,LOW
16:21:44,3,SLOW,LOW
16:21:44,3,SLOW,LOW
16:21:44,2,SLOW,LOW
16:21:45,3,SLOW,LOW
16:21:45,2,SLOW,LOW
16:21:45,2,SLOW,LOW
16:21:45,2,SLOW,LOW
16:21:45,2,SLOW,LOW
16:21:45,2,SLOW,LOW
16:21:45,3,SLOW,LOW
16:21:45,3,SLOW,LOW
16:21:46,2,SLOW,LOW
16:21:46,2,SLOW,LOW
16:21:46,2,SLOW,LOW
16:21:46,2,SLOW,LOW
16:21:46,3,SLOW,LOW
16:21:46,3,SLOW,LOW
16:21:46,2,SLOW,LOW
16:21:46,2,SLOW,LOW
16:21:46,2,SLOW,LOW
16:21:47,2,SLOW,LOW
16:21:47,2,SLOW,LOW
16:21:47,3,SLOW,LOW
16:21:47,2,SLOW,LOW
16:21:47,3,SLOW,LOW
16:21:47,3,SLOW,LOW
16:21:47,2,SLOW,LOW
16:21:47,2,SLOW,LOW
16:21:47,2,SLOW,LOW
16:21:48,2,SLOW,LOW
16:21:48,2,SLOW,LOW
16:21:48,2,SLOW,LOW
16:21:48,2,SLOW,LOW
16:21:48,2,SLOW,LOW
16:21:48,4,SLOW,LOW
16:21:48,2,SLOW,LOW
16:21:48,2,SLOW,LOW
16:21:49,2,SLOW,LOW
16:21:49,3,SLOW,LOW
16:21:49,2,SLOW,LOW
16:21:49,2,SLOW,LOW
16:21:49,2,SLOW,LOW
16:21:49,2,SLOW,LOW
16:21:49,3,SLOW,LOW
16:21:49,2,SLOW,LOW
16:21:49,2,SLOW,LOW
16:21:50,2,SLOW,LOW
16:21:50,2,SLOW,LOW
16:21:50,2,SLOW,LOW
16:21:50,2,SLOW,LOW
16:21:50,2,SLOW,LOW
16:21:50,2,SLOW,LOW
16:21:50,2,SLOW,LOW
16:21:50,2,SLOW,LOW
16:21:51,2,SLOW,LOW
16:21:51,2,SLOW,LOW
16:21:51,2,SLOW,LOW
16:21:51,3,SLOW,LOW
16:21:51,3,SLOW,LOW
16:21:51,2,SLOW,LOW
16:21:51,2,SLOW,LOW
16:21:51,2,SLOW,LOW
16:21:51,2,SLOW,LOW
16:21:52,3,SLOW,LOW
16:21:52,3,SLOW,LOW
16:21:52,3,SLOW,LOW
16:21:52,3,SLOW,LOW
16:21:52,2,SLOW,LOW
16:21:52,3,SLOW,LOW
16:21:52,3,SLOW,LOW
16:21:52,3,SLOW,LOW
16:21:52,3,SLOW,LOW
16:21:53,3,SLOW,LOW
16:21:53,3,SLOW,LOW
16:21:53,3,SLOW,LOW
16:21:53,3,SLOW,LOW
16:21:53,3,SLOW,LOW
16:21:53,3,SLOW,LOW
16:21:53,3,SLOW,LOW
16:21:53,3,SLOW,LOW
16:21:53,3,SLOW,LOW
16:21:54,3,SLOW,LOW
16:21:54,3,SLOW,LOW
16:21:54,3,SLOW,LOW
16:21:54,3,SLOW,LOW
16:21:54,3,SLOW,LOW
16:21:54,2,SLOW,LOW
16:21:54,3,SLOW,LOW
16:21:54,2,SLOW,LOW
16:21:55,3,SLOW,LOW
16:21:55,3,SLOW,LOW
16:21:55,3,SLOW,LOW
16:21:55,2,SLOW,LOW
16:21:55,2,SLOW,LOW
16:21:55,3,SLOW,LOW
16:21:55,2,SLOW,LOW
16:21:55,2,SLOW,LOW
16:21:55,2,SLOW,LOW
16:21:56,2,SLOW,LOW
16:21:56,2,SLOW,LOW
16:21:56,3,SLOW,LOW
16:21:56,3,FAST,LOW
16:21:56,3,SLOW,LOW
16:21:56,4,SLOW,LOW
16:21:56,6,SLOW,MEDIUM
16:21:56,6,MEDIUM,MEDIUM
16:21:57,5,SLOW,MEDIUM
16:21:57,7,SLOW,MEDIUM
16:21:57,6,SLOW,MEDIUM
16:21:57,6,MEDIUM,MEDIUM
16:21:57,6,MEDIUM,MEDIUM
16:21:57,6,FAST,MEDIUM
16:21:57,4,SLOW,LOW
16:21:57,5,SLOW,MEDIUM
16:21:58,7,SLOW,MEDIUM
16:21:58,6,SLOW,MEDIUM
16:21:58,7,SLOW,MEDIUM
16:21:58,7,FAST,MEDIUM
16:21:58,7,FAST,MEDIUM
16:21:58,8,SLOW,MEDIUM
16:21:58,8,FAST,MEDIUM
16:21:58,6,SLOW,MEDIUM
16:21:59,6,FAST,MEDIUM
16:21:59,6,MEDIUM,MEDIUM
16:21:59,6,MEDIUM,MEDIUM
16:21:59,6,MEDIUM,MEDIUM
16:21:59,6,MEDIUM,MEDIUM
16:21:59,4,SLOW,LOW
16:21:59,5,SLOW,MEDIUM
16:21:59,4,SLOW,LOW
16:21:59,5,SLOW,MEDIUM
16:22:00,5,FAST,MEDIUM
16:22:00,6,SLOW,MEDIUM
16:22:00,4,SLOW,LOW
16:22:00,5,SLOW,MEDIUM
16:22:00,6,SLOW,MEDIUM
16:22:00,6,FAST,MEDIUM
16:22:00,5,SLOW,MEDIUM
16:22:01,8,SLOW,MEDIUM
16:22:01,7,SLOW,MEDIUM
16:22:01,7,MEDIUM,MEDIUM
16:22:01,5,SLOW,MEDIUM
16:22:01,6,SLOW,MEDIUM
16:22:01,5,SLOW,MEDIUM
16:22:01,4,SLOW,LOW
16:22:01,4,FAST,LOW
16:22:01,6,SLOW,MEDIUM
16:22:02,5,SLOW,MEDIUM
16:22:02,4,SLOW,LOW
16:22:02,6,SLOW,MEDIUM
16:22:02,6,FAST,MEDIUM
16:22:02,5,SLOW,MEDIUM
16:22:02,5,SLOW,MEDIUM
16:22:02,7,SLOW,MEDIUM
16:22:02,7,FAST,MEDIUM
16:22:02,7,FAST,MEDIUM
16:22:03,5,SLOW,MEDIUM
16:22:03,6,SLOW,MEDIUM
16:22:03,6,FAST,MEDIUM
16:22:03,6,FAST,MEDIUM
16:22:03,6,MEDIUM,MEDIUM
16:22:03,6,MEDIUM,MEDIUM
16:22:03,4,SLOW,LOW
16:22:03,5,SLOW,MEDIUM
16:22:04,5,MEDIUM,MEDIUM
16:22:04,4,SLOW,LOW
16:22:04,4,SLOW,LOW
16:22:04,4,SLOW,LOW
16:22:04,6,SLOW,MEDIUM
16:22:04,5,SLOW,MEDIUM
16:22:04,6,SLOW,MEDIUM
16:22:04,6,SLOW,MEDIUM
16:22:04,7,SLOW,MEDIUM
16:22:05,6,SLOW,MEDIUM
16:22:05,6,SLOW,MEDIUM
16:22:05,6,SLOW,MEDIUM
16:22:05,7,SLOW,MEDIUM
16:22:05,7,MEDIUM,MEDIUM
16:22:05,5,SLOW,MEDIUM
16:22:05,5,SLOW,MEDIUM
16:22:05,5,SLOW,MEDIUM
16:22:06,5,SLOW,MEDIUM
16:22:06,5,SLOW,MEDIUM
16:22:06,6,SLOW,MEDIUM
16:22:06,5,SLOW,MEDIUM
16:22:06,5,FAST,MEDIUM
16:22:06,4,SLOW,LOW
16:22:06,5,SLOW,MEDIUM
16:22:06,6,SLOW,MEDIUM
16:22:07,4,SLOW,LOW
16:22:07,0,SLOW,LOW
16:22:07,2,SLOW,LOW
16:22:07,1,SLOW,LOW
16:22:07,1,SLOW,LOW
16:22:07,1,SLOW,LOW
16:22:07,2,SLOW,LOW
16:22:07,3,SLOW,LOW
16:22:07,2,SLOW,LOW
16:22:08,2,SLOW,LOW
16:22:08,2,SLOW,LOW
16:22:08,2,SLOW,LOW
16:22:08,2,SLOW,LOW
16:22:08,3,SLOW,LOW
16:22:08,3,SLOW,LOW
16:22:08,3,SLOW,LOW
16:22:08,4,SLOW,LOW
16:22:08,3,SLOW,LOW
16:22:09,4,SLOW,LOW
16:22:09,4,SLOW,LOW
16:22:09,4,FAST,LOW
16:22:09,5,SLOW,MEDIUM
16:22:09,5,MEDIUM,MEDIUM
16:22:09,5,MEDIUM,MEDIUM
16:22:09,5,MEDIUM,MEDIUM
16:22:09,5,MEDIUM,MEDIUM
16:22:10,5,MEDIUM,MEDIUM
16:22:10,4,SLOW,LOW
16:22:10,5,SLOW,MEDIUM
16:22:10,5,MEDIUM,MEDIUM
16:22:10,5,MEDIUM,MEDIUM
16:22:10,5,MEDIUM,MEDIUM
16:22:10,5,MEDIUM,MEDIUM
16:22:10,5,SLOW,MEDIUM
16:22:10,5,MEDIUM,MEDIUM
16:22:11,5,SLOW,MEDIUM
16:22:11,4,SLOW,LOW
16:22:11,5,SLOW,MEDIUM
16:22:11,5,MEDIUM,MEDIUM
16:22:11,5,SLOW,MEDIUM
16:22:11,5,SLOW,MEDIUM
16:22:11,5,SLOW,MEDIUM
16:22:11,5,SLOW,MEDIUM
16:22:11,5,SLOW,MEDIUM
16:22:12,5,SLOW,MEDIUM
16:22:12,5,SLOW,MEDIUM
16:22:12,5,SLOW,MEDIUM
16:22:12,5,SLOW,MEDIUM
16:22:12,5,SLOW,MEDIUM
16:22:12,5,SLOW,MEDIUM
16:22:12,5,SLOW,MEDIUM
16:22:12,5,SLOW,MEDIUM
16:22:12,5,SLOW,MEDIUM
16:22:13,5,SLOW,MEDIUM
16:22:13,5,SLOW,MEDIUM
16:22:13,5,SLOW,MEDIUM
16:22:13,5,SLOW,MEDIUM
16:22:13,5,SLOW,MEDIUM
16:22:13,5,SLOW,MEDIUM
16:22:13,5,SLOW,MEDIUM
16:22:13,6,SLOW,MEDIUM
16:22:14,6,SLOW,MEDIUM
16:22:14,6,SLOW,MEDIUM
16:22:14,6,SLOW,MEDIUM
16:22:14,6,SLOW,MEDIUM
16:22:14,5,SLOW,MEDIUM
16:22:14,5,SLOW,MEDIUM
16:22:14,6,SLOW,MEDIUM
16:22:14,6,SLOW,MEDIUM
16:22:14,5,SLOW,MEDIUM
16:22:15,5,SLOW,MEDIUM
16:22:15,5,SLOW,MEDIUM
16:22:15,6,SLOW,MEDIUM
16:22:15,6,SLOW,MEDIUM
16:22:15,6,SLOW,MEDIUM
16:22:15,5,SLOW,MEDIUM
16:22:15,5,SLOW,MEDIUM
16:22:15,5,SLOW,MEDIUM
16:22:15,5,SLOW,MEDIUM
16:22:16,5,SLOW,MEDIUM
16:22:16,5,SLOW,MEDIUM
16:22:16,5,FAST,MEDIUM
16:22:16,5,SLOW,MEDIUM
16:22:16,5,SLOW,MEDIUM
16:22:16,5,SLOW,MEDIUM
16:22:16,5,SLOW,MEDIUM
16:22:16,5,SLOW,MEDIUM
16:22:16,5,SLOW,MEDIUM
16:22:17,5,SLOW,MEDIUM
16:22:17,5,SLOW,MEDIUM
16:22:17,5,SLOW,MEDIUM
16:22:17,5,SLOW,MEDIUM
16:22:17,5,SLOW,MEDIUM
16:22:17,5,SLOW,MEDIUM
16:22:17,5,SLOW,MEDIUM
16:22:17,5,SLOW,MEDIUM
16:22:17,5,SLOW,MEDIUM
16:22:18,5,SLOW,MEDIUM
16:22:18,5,SLOW,MEDIUM
16:22:18,5,SLOW,MEDIUM
16:22:18,5,SLOW,MEDIUM
16:22:18,5,SLOW,MEDIUM
16:22:18,5,SLOW,MEDIUM
16:22:18,5,SLOW,MEDIUM
16:22:18,7,SLOW,MEDIUM
16:22:18,6,SLOW,MEDIUM
16:22:19,7,SLOW,MEDIUM
16:22:19,6,SLOW,MEDIUM
16:22:19,7,SLOW,MEDIUM
16:22:19,6,SLOW,MEDIUM
16:22:19,5,SLOW,MEDIUM
16:22:19,5,SLOW,MEDIUM
16:22:19,6,SLOW,MEDIUM
16:22:19,6,FAST,MEDIUM
16:22:19,5,SLOW,MEDIUM
16:22:20,4,SLOW,LOW
16:22:20,5,SLOW,MEDIUM
16:22:20,5,SLOW,MEDIUM
16:22:20,5,FAST,MEDIUM
16:22:20,6,SLOW,MEDIUM
16:22:20,5,SLOW,MEDIUM
16:22:20,5,SLOW,MEDIUM
16:22:20,5,SLOW,MEDIUM
16:22:21,5,SLOW,MEDIUM
16:22:21,6,SLOW,MEDIUM
16:22:21,5,SLOW,MEDIUM
16:22:21,6,SLOW,MEDIUM
16:22:21,7,SLOW,MEDIUM
16:22:21,7,FAST,MEDIUM
16:22:21,8,SLOW,MEDIUM
16:22:21,7,SLOW,MEDIUM
16:22:21,6,SLOW,MEDIUM
16:22:22,6,FAST,MEDIUM
16:22:22,7,SLOW,MEDIUM
16:22:22,7,FAST,MEDIUM
16:22:22,5,SLOW,MEDIUM
16:22:22,7,SLOW,MEDIUM
16:22:22,8,SLOW,MEDIUM
16:22:22,7,SLOW,MEDIUM
16:22:22,7,FAST,MEDIUM
16:22:22,6,SLOW,MEDIUM
16:22:23,8,SLOW,MEDIUM
16:22:23,7,SLOW,MEDIUM
16:22:23,8,SLOW,MEDIUM
16:22:23,9,SLOW,MEDIUM
16:22:23,6,SLOW,MEDIUM
16:22:23,6,SLOW,MEDIUM
16:22:23,6,SLOW,MEDIUM
16:22:23,7,SLOW,MEDIUM
16:22:23,6,SLOW,MEDIUM
16:22:24,7,SLOW,MEDIUM
16:22:24,6,SLOW,MEDIUM
16:22:24,6,SLOW,MEDIUM
16:22:24,6,SLOW,MEDIUM
16:22:24,6,SLOW,MEDIUM
16:22:24,7,SLOW,MEDIUM
16:22:24,6,SLOW,MEDIUM
16:22:24,6,SLOW,MEDIUM
16:22:25,6,SLOW,MEDIUM
16:22:25,6,SLOW,MEDIUM
16:22:25,6,MEDIUM,MEDIUM
16:22:25,6,SLOW,MEDIUM
16:22:25,6,SLOW,MEDIUM
16:22:25,5,SLOW,MEDIUM
16:22:25,7,SLOW,MEDIUM
16:22:25,6,SLOW,MEDIUM
16:22:25,6,SLOW,MEDIUM
16:22:26,6,SLOW,MEDIUM
16:22:26,6,SLOW,MEDIUM
16:22:26,6,SLOW,MEDIUM
16:22:26,6,SLOW,MEDIUM
16:22:26,6,SLOW,MEDIUM
16:22:26,6,SLOW,MEDIUM
16:22:26,8,SLOW,MEDIUM
16:22:26,8,SLOW,MEDIUM
16:22:27,7,SLOW,MEDIUM
16:22:27,7,SLOW,MEDIUM
16:22:27,7,SLOW,MEDIUM
16:22:27,7,SLOW,MEDIUM
16:22:27,7,SLOW,MEDIUM
16:22:27,8,SLOW,MEDIUM
16:22:27,7,SLOW,MEDIUM
16:22:27,8,SLOW,MEDIUM
16:22:27,8,SLOW,MEDIUM
16:22:28,7,SLOW,MEDIUM
16:22:28,7,SLOW,MEDIUM
16:22:28,7,SLOW,MEDIUM
16:22:28,7,SLOW,MEDIUM
16:22:28,7,SLOW,MEDIUM
16:22:28,7,SLOW,MEDIUM
16:22:28,7,SLOW,MEDIUM
16:22:28,7,SLOW,MEDIUM
16:22:29,7,SLOW,MEDIUM
16:22:29,6,SLOW,MEDIUM
16:22:29,7,SLOW,MEDIUM
16:22:29,7,SLOW,MEDIUM
16:22:29,7,SLOW,MEDIUM
16:22:29,7,SLOW,MEDIUM
16:22:29,6,SLOW,MEDIUM
16:22:29,7,SLOW,MEDIUM
16:22:29,7,SLOW,MEDIUM
16:22:30,6,SLOW,MEDIUM
16:22:30,7,SLOW,MEDIUM
16:22:30,7,SLOW,MEDIUM
16:22:30,7,SLOW,MEDIUM
16:22:30,7,SLOW,MEDIUM
16:22:30,7,FAST,MEDIUM
16:22:30,7,SLOW,MEDIUM
16:22:30,8,SLOW,MEDIUM
16:22:30,8,SLOW,MEDIUM
16:22:31,8,SLOW,MEDIUM
16:22:31,9,SLOW,MEDIUM
16:22:31,8,SLOW,MEDIUM
16:22:31,7,SLOW,MEDIUM
16:22:31,6,SLOW,MEDIUM
16:22:31,6,SLOW,MEDIUM
16:22:32,6,SLOW,MEDIUM
16:22:32,6,SLOW,MEDIUM
16:22:32,6,SLOW,MEDIUM
16:22:32,6,SLOW,MEDIUM
16:22:32,6,SLOW,MEDIUM
16:22:32,6,SLOW,MEDIUM
16:22:32,6,SLOW,MEDIUM
16:22:32,6,SLOW,MEDIUM
16:22:33,6,SLOW,MEDIUM
16:22:33,6,SLOW,MEDIUM
16:22:33,6,SLOW,MEDIUM
16:22:33,7,SLOW,MEDIUM
16:22:33,6,SLOW,MEDIUM
16:22:33,6,SLOW,MEDIUM
16:22:33,6,SLOW,MEDIUM
16:22:33,6,SLOW,MEDIUM
16:22:33,6,SLOW,MEDIUM
16:22:34,6,SLOW,MEDIUM
16:22:34,7,SLOW,MEDIUM
16:22:34,8,SLOW,MEDIUM
16:22:34,6,SLOW,MEDIUM
16:22:34,6,SLOW,MEDIUM
16:22:34,6,SLOW,MEDIUM
16:22:34,6,SLOW,MEDIUM
16:22:34,7,SLOW,MEDIUM
16:22:34,6,SLOW,MEDIUM
16:22:35,7,SLOW,MEDIUM
16:22:35,6,SLOW,MEDIUM
16:22:35,7,SLOW,MEDIUM
16:22:35,7,SLOW,MEDIUM
16:22:35,8,SLOW,MEDIUM
16:22:35,7,SLOW,MEDIUM
16:22:35,8,SLOW,MEDIUM
16:22:35,7,SLOW,MEDIUM
16:22:36,8,SLOW,MEDIUM
16:22:36,7,SLOW,MEDIUM
16:22:36,6,SLOW,MEDIUM
16:22:36,5,SLOW,MEDIUM
16:22:36,7,SLOW,MEDIUM
16:22:36,7,FAST,MEDIUM
16:22:36,6,SLOW,MEDIUM
16:22:36,7,SLOW,MEDIUM
16:22:36,7,FAST,MEDIUM
16:22:37,6,SLOW,MEDIUM
16:22:37,6,FAST,MEDIUM
16:22:37,6,MEDIUM,MEDIUM
16:22:37,6,MEDIUM,MEDIUM
16:22:37,6,MEDIUM,MEDIUM
16:22:37,6,MEDIUM,MEDIUM
16:22:37,6,SLOW,MEDIUM
16:22:37,6,SLOW,MEDIUM
16:22:38,6,MEDIUM,MEDIUM
16:22:38,6,SLOW,MEDIUM
16:22:38,7,SLOW,MEDIUM
16:22:38,7,SLOW,MEDIUM
16:22:38,7,SLOW,MEDIUM
16:22:38,6,SLOW,MEDIUM
16:22:38,6,SLOW,MEDIUM
16:22:38,8,SLOW,MEDIUM
16:22:39,7,SLOW,MEDIUM
16:22:39,7,SLOW,MEDIUM
16:22:39,5,SLOW,MEDIUM
16:22:39,6,SLOW,MEDIUM
16:22:39,6,SLOW,MEDIUM
16:22:39,6,SLOW,MEDIUM
16:22:39,6,SLOW,MEDIUM
16:22:39,6,SLOW,MEDIUM
16:22:39,7,SLOW,MEDIUM
16:22:40,6,SLOW,MEDIUM
16:22:40,6,SLOW,MEDIUM
16:22:40,6,SLOW,MEDIUM
16:22:40,6,SLOW,MEDIUM
16:22:41,6,SLOW,MEDIUM
16:22:41,6,SLOW,MEDIUM
16:22:41,6,SLOW,MEDIUM
16:22:41,6,SLOW,MEDIUM
16:22:41,6,SLOW,MEDIUM
16:22:41,6,SLOW,MEDIUM
16:22:42,6,SLOW,MEDIUM
16:22:42,6,SLOW,MEDIUM
16:22:42,6,SLOW,MEDIUM
16:22:42,6,SLOW,MEDIUM
16:22:42,6,SLOW,MEDIUM
16:22:42,6,SLOW,MEDIUM
16:22:42,6,SLOW,MEDIUM
16:22:43,6,SLOW,MEDIUM
16:22:43,6,SLOW,MEDIUM
16:22:43,6,SLOW,MEDIUM
16:22:43,6,SLOW,MEDIUM
16:22:43,6,SLOW,MEDIUM
16:22:43,6,SLOW,MEDIUM
16:22:43,6,SLOW,MEDIUM
16:22:44,6,SLOW,MEDIUM
16:22:44,6,SLOW,MEDIUM
16:22:44,6,SLOW,MEDIUM
16:22:44,6,SLOW,MEDIUM
16:22:44,6,SLOW,MEDIUM
16:22:44,7,SLOW,MEDIUM
16:22:44,7,FAST,MEDIUM
16:22:45,7,SLOW,MEDIUM
16:22:45,7,SLOW,MEDIUM
16:22:45,6,SLOW,MEDIUM
16:22:45,6,SLOW,MEDIUM
16:22:45,6,SLOW,MEDIUM
16:22:45,6,SLOW,MEDIUM
16:22:45,6,SLOW,MEDIUM
16:22:45,6,SLOW,MEDIUM
16:22:46,6,SLOW,MEDIUM
16:22:46,6,SLOW,MEDIUM
16:22:46,6,SLOW,MEDIUM
16:22:46,6,SLOW,MEDIUM
16:22:46,6,SLOW,MEDIUM
16:22:46,6,SLOW,MEDIUM
16:22:46,6,SLOW,MEDIUM
16:22:46,6,SLOW,MEDIUM
16:22:46,6,SLOW,MEDIUM
16:22:47,6,SLOW,MEDIUM
16:22:47,6,SLOW,MEDIUM
16:22:47,6,SLOW,MEDIUM
16:22:47,6,SLOW,MEDIUM
16:22:47,6,SLOW,MEDIUM
16:22:47,6,SLOW,MEDIUM
16:22:47,6,SLOW,MEDIUM
16:22:48,6,SLOW,MEDIUM
16:22:48,6,SLOW,MEDIUM
16:22:48,6,SLOW,MEDIUM
16:22:48,6,SLOW,MEDIUM
16:22:48,6,SLOW,MEDIUM
16:22:48,6,SLOW,MEDIUM
16:22:49,6,SLOW,MEDIUM
16:22:49,7,SLOW,MEDIUM
16:22:49,7,SLOW,MEDIUM
16:22:49,7,SLOW,MEDIUM
16:22:49,7,SLOW,MEDIUM
16:22:50,7,SLOW,MEDIUM
16:22:50,7,SLOW,MEDIUM
16:22:50,7,SLOW,MEDIUM
16:22:50,7,SLOW,MEDIUM
16:22:50,7,SLOW,MEDIUM
16:22:50,7,SLOW,MEDIUM
16:22:51,7,SLOW,MEDIUM
16:22:51,7,SLOW,MEDIUM
16:22:51,7,SLOW,MEDIUM
16:22:51,7,SLOW,MEDIUM
16:22:51,7,SLOW,MEDIUM
16:22:51,7,SLOW,MEDIUM
16:22:51,7,SLOW,MEDIUM
16:22:52,7,SLOW,MEDIUM
16:22:52,7,SLOW,MEDIUM
16:22:52,7,SLOW,MEDIUM
16:22:52,7,SLOW,MEDIUM
16:22:52,7,SLOW,MEDIUM
16:22:52,7,SLOW,MEDIUM
16:22:52,7,SLOW,MEDIUM
16:22:53,7,SLOW,MEDIUM
16:22:53,7,SLOW,MEDIUM
16:22:53,7,SLOW,MEDIUM
16:22:53,7,SLOW,MEDIUM
16:22:53,7,SLOW,MEDIUM
16:22:53,7,SLOW,MEDIUM
16:22:53,7,SLOW,MEDIUM
16:22:54,7,SLOW,MEDIUM
16:22:54,7,SLOW,MEDIUM
16:22:54,7,SLOW,MEDIUM
16:22:54,7,SLOW,MEDIUM
16:22:54,7,SLOW,MEDIUM
16:22:54,7,SLOW,MEDIUM
16:22:54,7,SLOW,MEDIUM
16:22:54,7,SLOW,MEDIUM
16:22:55,7,SLOW,MEDIUM
16:22:55,7,SLOW,MEDIUM
16:22:55,7,SLOW,MEDIUM
16:22:55,7,SLOW,MEDIUM
16:22:55,7,SLOW,MEDIUM
16:22:55,7,SLOW,MEDIUM
16:22:55,7,SLOW,MEDIUM
16:22:55,7,SLOW,MEDIUM
16:22:56,7,SLOW,MEDIUM
16:22:56,7,SLOW,MEDIUM
16:22:56,9,SLOW,MEDIUM
16:22:56,9,SLOW,MEDIUM
16:22:56,10,SLOW,MEDIUM
16:22:56,9,SLOW,MEDIUM
16:22:56,8,SLOW,MEDIUM
16:22:56,8,SLOW,MEDIUM
16:22:57,8,SLOW,MEDIUM
16:22:57,8,SLOW,MEDIUM
16:22:57,8,SLOW,MEDIUM
16:22:57,8,SLOW,MEDIUM
16:22:57,8,FAST,MEDIUM
16:22:57,8,SLOW,MEDIUM
16:22:57,8,SLOW,MEDIUM
16:22:57,7,SLOW,MEDIUM
16:22:58,7,SLOW,MEDIUM
16:22:58,7,SLOW,MEDIUM
16:22:58,8,SLOW,MEDIUM
16:22:58,8,SLOW,MEDIUM
16:22:58,8,FAST,MEDIUM
16:22:58,8,SLOW,MEDIUM
16:22:58,9,SLOW,MEDIUM
16:22:59,8,SLOW,MEDIUM
16:22:59,7,SLOW,MEDIUM
16:22:59,7,SLOW,MEDIUM
16:22:59,8,SLOW,MEDIUM
16:22:59,7,SLOW,MEDIUM
16:22:59,7,SLOW,MEDIUM
time,vehicles,speed,traffic
16:27:55,6,SLOW,MEDIUM
16:27:55,6,SLOW,MEDIUM
16:27:55,6,SLOW,MEDIUM
16:27:55,6,SLOW,MEDIUM
16:27:55,6,SLOW,MEDIUM
16:27:55,6,SLOW,MEDIUM
16:27:56,6,SLOW,MEDIUM
16:27:56,5,SLOW,MEDIUM
16:27:56,4,SLOW,LOW
16:27:56,5,SLOW,MEDIUM
16:27:56,3,SLOW,LOW
16:27:56,4,SLOW,LOW
16:27:56,5,SLOW,MEDIUM
16:27:56,4,SLOW,LOW
16:27:57,4,SLOW,LOW
16:27:57,4,SLOW,LOW
16:27:57,4,SLOW,LOW
16:27:57,4,SLOW,LOW
16:27:57,4,SLOW,LOW
16:27:57,4,SLOW,LOW
16:27:57,5,SLOW,MEDIUM
16:27:57,4,SLOW,LOW
16:27:57,4,SLOW,LOW
16:27:57,4,SLOW,LOW
16:27:58,4,SLOW,LOW
16:27:58,4,SLOW,LOW
16:27:58,4,SLOW,LOW
16:27:58,4,SLOW,LOW
16:27:58,4,SLOW,LOW
16:27:58,4,SLOW,LOW
16:27:58,5,SLOW,MEDIUM
16:27:58,6,SLOW,MEDIUM
16:27:58,4,SLOW,LOW
16:27:59,4,SLOW,LOW
16:27:59,5,SLOW,MEDIUM
16:27:59,5,SLOW,MEDIUM
16:27:59,5,SLOW,MEDIUM
16:27:59,6,SLOW,MEDIUM
16:27:59,6,SLOW,MEDIUM
16:27:59,6,SLOW,MEDIUM
16:27:59,4,SLOW,LOW
16:27:59,4,SLOW,LOW
16:28:00,4,SLOW,LOW
16:28:00,5,SLOW,MEDIUM
16:28:00,5,SLOW,MEDIUM
16:28:00,4,SLOW,LOW
16:28:00,4,FAST,LOW
16:28:00,5,SLOW,MEDIUM
16:28:00,4,SLOW,LOW
16:28:00,4,FAST,LOW
16:28:00,4,FAST,LOW
16:28:01,4,SLOW,LOW
16:28:01,4,SLOW,LOW
16:28:01,5,SLOW,MEDIUM
16:28:01,5,SLOW,MEDIUM
16:28:01,5,SLOW,MEDIUM
16:28:01,5,SLOW,MEDIUM
16:28:01,5,SLOW,MEDIUM
16:28:01,5,SLOW,MEDIUM
16:28:02,5,SLOW,MEDIUM
16:28:02,5,SLOW,MEDIUM
16:28:02,5,SLOW,MEDIUM
16:28:02,5,SLOW,MEDIUM
16:28:02,5,SLOW,MEDIUM
16:28:02,5,SLOW,MEDIUM
16:28:02,5,SLOW,MEDIUM
16:28:02,5,SLOW,MEDIUM
16:28:02,4,SLOW,LOW
16:28:03,4,SLOW,LOW
16:28:03,4,SLOW,LOW
16:28:03,4,SLOW,LOW
16:28:03,4,SLOW,LOW
16:28:03,4,SLOW,LOW
16:28:03,4,SLOW,LOW
16:28:03,4,SLOW,LOW
16:28:03,4,SLOW,LOW
16:28:03,4,SLOW,LOW
16:28:04,4,SLOW,LOW
16:28:04,4,SLOW,LOW
16:28:04,4,SLOW,LOW
16:28:04,4,SLOW,LOW
16:28:04,4,SLOW,LOW
16:28:04,4,SLOW,LOW
16:28:04,4,SLOW,LOW
16:28:04,4,SLOW,LOW
16:28:04,4,SLOW,LOW
16:28:05,4,SLOW,LOW
16:28:05,4,SLOW,LOW
16:28:05,4,SLOW,LOW
16:28:05,4,SLOW,LOW
16:28:05,4,SLOW,LOW
16:28:05,4,SLOW,LOW
16:28:05,4,SLOW,LOW
16:28:05,4,SLOW,LOW
16:28:05,4,SLOW,LOW
16:28:06,4,SLOW,LOW
16:28:06,4,SLOW,LOW
16:28:06,4,SLOW,LOW
16:28:06,4,SLOW,LOW
16:28:06,4,SLOW,LOW
16:28:06,4,SLOW,LOW
16:28:06,5,SLOW,MEDIUM
16:28:06,5,SLOW,MEDIUM
16:28:06,5,SLOW,MEDIUM
16:28:07,5,SLOW,MEDIUM
16:28:07,4,SLOW,LOW
16:28:07,4,SLOW,LOW
16:28:07,4,SLOW,LOW
16:28:07,4,SLOW,LOW
16:28:07,4,SLOW,LOW
16:28:07,5,SLOW,MEDIUM
16:28:07,4,SLOW,LOW
16:28:07,4,SLOW,LOW
16:28:08,4,SLOW,LOW
16:28:08,4,SLOW,LOW
16:28:08,4,SLOW,LOW
16:28:08,4,SLOW,LOW
16:28:08,4,SLOW,LOW
16:28:08,4,SLOW,LOW
16:28:08,4,SLOW,LOW
16:28:08,4,SLOW,LOW
16:28:08,4,SLOW,LOW
16:28:09,3,SLOW,LOW
16:28:09,3,SLOW,LOW
16:28:09,4,SLOW,LOW
16:28:09,3,SLOW,LOW
16:28:09,4,SLOW,LOW
16:28:09,4,SLOW,LOW
16:28:09,4,SLOW,LOW
16:28:09,4,SLOW,LOW
16:28:09,3,SLOW,LOW
16:28:10,4,SLOW,LOW
16:28:10,3,SLOW,LOW
16:28:10,3,SLOW,LOW
16:28:10,4,SLOW,LOW
16:28:10,4,SLOW,LOW
16:28:10,4,SLOW,LOW
16:28:10,4,SLOW,LOW
16:28:10,5,SLOW,MEDIUM
16:28:10,5,SLOW,MEDIUM
16:28:11,4,SLOW,LOW
16:28:11,4,SLOW,LOW
16:28:11,4,SLOW,LOW
16:28:11,4,SLOW,LOW
16:28:11,4,SLOW,LOW
16:28:11,4,SLOW,LOW
16:28:11,5,SLOW,MEDIUM
16:28:11,4,SLOW,LOW
16:28:11,4,SLOW,LOW
16:28:12,4,SLOW,LOW
16:28:12,4,SLOW,LOW
16:28:12,4,SLOW,LOW
16:28:12,4,SLOW,LOW
16:28:12,4,SLOW,LOW
16:28:12,4,SLOW,LOW
16:28:12,4,SLOW,LOW
16:28:12,4,SLOW,LOW
16:28:12,4,SLOW,LOW
16:28:13,4,SLOW,LOW
16:28:13,4,SLOW,LOW
16:28:13,4,SLOW,LOW
16:28:13,4,SLOW,LOW
16:28:13,5,SLOW,MEDIUM
16:28:13,5,SLOW,MEDIUM
16:28:13,5,MEDIUM,MEDIUM
16:28:13,5,MEDIUM,MEDIUM
16:28:13,4,SLOW,LOW
16:28:14,6,SLOW,MEDIUM
16:28:14,5,SLOW,MEDIUM
16:28:14,5,SLOW,MEDIUM
16:28:14,4,SLOW,LOW
16:28:14,4,SLOW,LOW
16:28:14,5,SLOW,MEDIUM
16:28:14,5,SLOW,MEDIUM
16:28:14,5,SLOW,MEDIUM
16:28:14,5,SLOW,MEDIUM
16:28:15,5,SLOW,MEDIUM
16:28:15,5,SLOW,MEDIUM
16:28:15,5,SLOW,MEDIUM
16:28:15,5,SLOW,MEDIUM
16:28:15,6,SLOW,MEDIUM
16:28:15,6,SLOW,MEDIUM
16:28:15,5,SLOW,MEDIUM
16:28:15,5,SLOW,MEDIUM
16:28:16,5,SLOW,MEDIUM
16:28:16,5,SLOW,MEDIUM
16:28:16,5,SLOW,MEDIUM
16:28:16,5,SLOW,MEDIUM
16:28:16,5,SLOW,MEDIUM
16:28:16,5,SLOW,MEDIUM
16:28:16,5,SLOW,MEDIUM
16:28:16,5,SLOW,MEDIUM
16:28:16,5,SLOW,MEDIUM
16:28:17,5,SLOW,MEDIUM
16:28:17,5,SLOW,MEDIUM
16:28:17,5,SLOW,MEDIUM
16:28:17,5,SLOW,MEDIUM
16:28:17,5,SLOW,MEDIUM
16:28:17,5,SLOW,MEDIUM
16:28:17,5,SLOW,MEDIUM
16:28:17,5,SLOW,MEDIUM
16:28:17,5,SLOW,MEDIUM
16:28:18,5,SLOW,MEDIUM
16:28:18,5,SLOW,MEDIUM
16:28:18,5,SLOW,MEDIUM
16:28:18,5,SLOW,MEDIUM
16:28:18,5,SLOW,MEDIUM
16:28:18,5,SLOW,MEDIUM
16:28:18,5,SLOW,MEDIUM
16:28:18,5,SLOW,MEDIUM
16:28:18,5,SLOW,MEDIUM
16:28:19,5,SLOW,MEDIUM
16:28:19,5,SLOW,MEDIUM
16:28:19,5,SLOW,MEDIUM
16:28:19,5,SLOW,MEDIUM
16:28:19,5,SLOW,MEDIUM
16:28:19,5,SLOW,MEDIUM
16:28:19,5,SLOW,MEDIUM
16:28:19,5,SLOW,MEDIUM
16:28:19,5,SLOW,MEDIUM
16:28:20,5,SLOW,MEDIUM
16:28:20,5,SLOW,MEDIUM
16:28:20,5,SLOW,MEDIUM
16:28:20,5,SLOW,MEDIUM
16:28:20,6,SLOW,MEDIUM
16:28:20,6,SLOW,MEDIUM
16:28:20,6,SLOW,MEDIUM
16:28:20,6,SLOW,MEDIUM
16:28:20,6,SLOW,MEDIUM
16:28:21,6,SLOW,MEDIUM
16:28:21,6,SLOW,MEDIUM
16:28:21,6,SLOW,MEDIUM
16:28:21,6,SLOW,MEDIUM
16:28:21,6,SLOW,MEDIUM
16:28:21,6,SLOW,MEDIUM
16:28:21,6,SLOW,MEDIUM
16:28:21,6,SLOW,MEDIUM
16:28:21,6,SLOW,MEDIUM
16:28:22,6,SLOW,MEDIUM
16:28:22,6,SLOW,MEDIUM
16:28:22,6,SLOW,MEDIUM
16:28:22,6,SLOW,MEDIUM
16:28:22,6,SLOW,MEDIUM
16:28:22,6,SLOW,MEDIUM
16:28:22,6,SLOW,MEDIUM
16:28:22,6,SLOW,MEDIUM
16:28:23,6,SLOW,MEDIUM
16:28:23,6,SLOW,MEDIUM
16:28:23,6,SLOW,MEDIUM
16:28:23,6,SLOW,MEDIUM
16:28:23,6,SLOW,MEDIUM
16:28:23,6,SLOW,MEDIUM
16:28:23,6,SLOW,MEDIUM
16:28:23,6,SLOW,MEDIUM
16:28:23,6,SLOW,MEDIUM
16:28:24,6,SLOW,MEDIUM
16:28:24,6,SLOW,MEDIUM
16:28:24,6,SLOW,MEDIUM
16:28:24,6,SLOW,MEDIUM
16:28:24,6,SLOW,MEDIUM
16:28:24,7,SLOW,MEDIUM
16:28:24,5,SLOW,MEDIUM
16:28:24,5,SLOW,MEDIUM
16:28:24,5,SLOW,MEDIUM
16:28:25,6,SLOW,MEDIUM
16:28:25,7,SLOW,MEDIUM
16:28:25,7,FAST,MEDIUM
16:28:25,7,FAST,MEDIUM
16:28:25,7,SLOW,MEDIUM
16:28:25,7,SLOW,MEDIUM
16:28:25,7,SLOW,MEDIUM
16:28:25,5,SLOW,MEDIUM
16:28:25,5,SLOW,MEDIUM
16:28:25,6,SLOW,MEDIUM
16:28:26,7,SLOW,MEDIUM
16:28:26,7,SLOW,MEDIUM
16:28:26,6,SLOW,MEDIUM
16:28:26,6,SLOW,MEDIUM
16:28:26,7,SLOW,MEDIUM
16:28:26,7,SLOW,MEDIUM
16:28:26,5,SLOW,MEDIUM
16:28:26,7,SLOW,MEDIUM
16:28:26,7,SLOW,MEDIUM
16:28:27,8,SLOW,MEDIUM
16:28:27,7,SLOW,MEDIUM
16:28:27,8,SLOW,MEDIUM
16:28:27,8,SLOW,MEDIUM
16:28:27,8,SLOW,MEDIUM
16:28:27,8,FAST,MEDIUM
16:28:27,7,SLOW,MEDIUM
16:28:27,6,SLOW,MEDIUM
16:28:28,7,SLOW,MEDIUM
16:28:28,7,SLOW,MEDIUM
16:28:28,6,SLOW,MEDIUM
16:28:28,6,SLOW,MEDIUM
16:28:28,6,SLOW,MEDIUM
16:28:28,6,SLOW,MEDIUM
16:28:28,6,SLOW,MEDIUM
16:28:28,6,SLOW,MEDIUM
16:28:28,6,SLOW,MEDIUM
16:28:29,6,SLOW,MEDIUM
16:28:29,6,SLOW,MEDIUM
16:28:29,5,SLOW,MEDIUM
16:28:29,5,SLOW,MEDIUM
16:28:29,5,SLOW,MEDIUM
16:28:29,4,SLOW,LOW
16:28:29,6,SLOW,MEDIUM
16:28:29,5,SLOW,MEDIUM
16:28:29,3,SLOW,LOW
16:28:30,4,SLOW,LOW
16:28:30,4,SLOW,LOW
16:28:30,4,SLOW,LOW
16:28:30,5,SLOW,MEDIUM
16:28:30,5,SLOW,MEDIUM
16:28:30,5,SLOW,MEDIUM
16:28:30,5,SLOW,MEDIUM
16:28:30,5,SLOW,MEDIUM
16:28:30,5,SLOW,MEDIUM
16:28:31,5,SLOW,MEDIUM
16:28:31,5,SLOW,MEDIUM
16:28:31,4,SLOW,LOW
16:28:31,4,SLOW,LOW
16:28:31,4,SLOW,LOW
16:28:31,4,SLOW,LOW
16:28:31,4,SLOW,LOW
16:28:31,6,SLOW,MEDIUM
16:28:31,6,SLOW,MEDIUM
16:28:32,6,SLOW,MEDIUM
16:28:32,6,SLOW,MEDIUM
16:28:32,6,SLOW,MEDIUM
16:28:32,6,SLOW,MEDIUM
16:28:32,6,SLOW,MEDIUM
16:28:32,6,SLOW,MEDIUM
16:28:32,6,SLOW,MEDIUM
16:28:32,6,SLOW,MEDIUM
16:28:32,7,SLOW,MEDIUM
16:28:33,6,SLOW,MEDIUM
16:28:33,6,SLOW,MEDIUM
16:28:33,6,SLOW,MEDIUM
16:28:33,6,SLOW,MEDIUM
16:28:33,7,SLOW,MEDIUM
16:28:33,6,SLOW,MEDIUM
16:28:33,5,SLOW,MEDIUM
16:28:33,5,SLOW,MEDIUM
16:28:33,5,SLOW,MEDIUM
16:28:34,5,SLOW,MEDIUM
16:28:34,5,SLOW,MEDIUM
16:28:34,5,SLOW,MEDIUM
16:28:34,5,SLOW,MEDIUM
16:28:34,5,SLOW,MEDIUM
16:28:34,5,SLOW,MEDIUM
16:28:34,5,SLOW,MEDIUM
16:28:34,5,SLOW,MEDIUM
16:28:34,5,SLOW,MEDIUM
16:28:35,6,SLOW,MEDIUM
16:28:35,5,SLOW,MEDIUM
16:28:35,5,SLOW,MEDIUM
16:28:35,5,SLOW,MEDIUM
16:28:35,5,MEDIUM,MEDIUM
16:28:35,5,MEDIUM,MEDIUM
16:28:35,5,MEDIUM,MEDIUM
16:28:35,5,MEDIUM,MEDIUM
16:28:35,5,MEDIUM,MEDIUM
16:28:36,4,SLOW,LOW
16:28:36,5,SLOW,MEDIUM
16:28:36,5,MEDIUM,MEDIUM
16:28:36,5,MEDIUM,MEDIUM
16:28:36,5,MEDIUM,MEDIUM
16:28:36,6,SLOW,MEDIUM
16:28:36,6,MEDIUM,MEDIUM
16:28:36,5,SLOW,MEDIUM
16:28:36,5,MEDIUM,MEDIUM
16:28:37,5,MEDIUM,MEDIUM
16:28:37,5,FAST,MEDIUM
16:28:37,6,SLOW,MEDIUM
16:28:37,5,SLOW,MEDIUM
16:28:37,5,FAST,MEDIUM
16:28:37,6,SLOW,MEDIUM
16:28:37,6,FAST,MEDIUM
16:28:37,7,SLOW,MEDIUM
16:28:38,7,FAST,MEDIUM
16:28:38,5,SLOW,MEDIUM
16:28:38,7,SLOW,MEDIUM
16:28:38,7,FAST,MEDIUM
16:28:38,8,SLOW,MEDIUM
16:28:38,8,MEDIUM,MEDIUM
16:28:38,8,MEDIUM,MEDIUM
16:28:38,8,MEDIUM,MEDIUM
16:28:38,8,MEDIUM,MEDIUM
16:28:39,8,MEDIUM,MEDIUM
16:28:39,8,MEDIUM,MEDIUM
16:28:39,7,SLOW,MEDIUM
16:28:39,8,SLOW,MEDIUM
16:28:39,7,SLOW,MEDIUM
16:28:39,6,SLOW,MEDIUM
16:28:39,4,SLOW,LOW
16:28:39,7,SLOW,MEDIUM
16:28:40,6,SLOW,MEDIUM
16:28:40,5,SLOW,MEDIUM
16:28:40,3,SLOW,LOW
16:28:40,4,SLOW,LOW
16:28:40,6,SLOW,MEDIUM
16:28:40,6,SLOW,MEDIUM
16:28:40,6,SLOW,MEDIUM
16:28:40,5,SLOW,MEDIUM
16:28:40,5,SLOW,MEDIUM
16:28:41,3,SLOW,LOW
16:28:41,4,SLOW,LOW
16:28:41,4,SLOW,LOW
16:28:41,4,SLOW,LOW
16:28:41,4,SLOW,LOW
16:28:41,4,SLOW,LOW
16:28:41,6,SLOW,MEDIUM
16:28:41,4,SLOW,LOW
16:28:41,5,SLOW,MEDIUM
16:28:42,5,FAST,MEDIUM
16:28:42,5,SLOW,MEDIUM
16:28:42,4,SLOW,LOW
16:28:42,5,SLOW,MEDIUM
16:28:42,6,SLOW,MEDIUM
16:28:42,5,SLOW,MEDIUM
16:28:42,5,SLOW,MEDIUM
16:28:42,5,SLOW,MEDIUM
16:28:42,5,SLOW,MEDIUM
16:28:43,4,SLOW,LOW
16:28:43,5,SLOW,MEDIUM
16:28:43,5,SLOW,MEDIUM
16:28:43,5,SLOW,MEDIUM
16:28:43,4,SLOW,LOW
16:28:43,4,FAST,LOW
16:28:43,3,SLOW,LOW
16:28:43,3,SLOW,LOW
16:28:43,4,SLOW,LOW
16:28:44,3,SLOW,LOW
16:28:44,4,SLOW,LOW
16:28:44,4,FAST,LOW
16:28:44,3,SLOW,LOW
16:28:44,4,SLOW,LOW
16:28:44,3,SLOW,LOW
16:28:44,4,SLOW,LOW
16:28:44,4,SLOW,LOW
16:28:45,3,SLOW,LOW
16:28:45,4,SLOW,LOW
16:28:45,3,SLOW,LOW
16:28:45,3,SLOW,LOW
16:28:45,2,SLOW,LOW
16:28:45,3,SLOW,LOW
16:28:45,3,SLOW,LOW
16:28:45,3,SLOW,LOW
16:28:46,2,SLOW,LOW
16:28:46,3,SLOW,LOW
16:28:46,2,SLOW,LOW
16:28:46,2,SLOW,LOW
16:28:46,2,SLOW,LOW
16:28:46,2,SLOW,LOW
16:28:46,2,SLOW,LOW
16:28:46,3,SLOW,LOW
16:28:46,3,SLOW,LOW
16:28:47,2,SLOW,LOW
16:28:47,2,SLOW,LOW
16:28:47,2,SLOW,LOW
16:28:47,2,SLOW,LOW
16:28:47,3,SLOW,LOW
16:28:47,3,SLOW,LOW
16:28:47,2,SLOW,LOW
16:28:47,2,SLOW,LOW
16:28:47,2,SLOW,LOW
16:28:48,2,SLOW,LOW
16:28:48,2,SLOW,LOW
16:28:48,3,SLOW,LOW
16:28:48,2,SLOW,LOW
16:28:48,3,SLOW,LOW
16:28:48,3,SLOW,LOW
16:28:48,2,SLOW,LOW
16:28:48,2,SLOW,LOW
16:28:49,2,SLOW,LOW
16:28:49,2,SLOW,LOW
16:28:49,2,SLOW,LOW
16:28:49,2,SLOW,LOW
16:28:49,2,SLOW,LOW
16:28:49,2,SLOW,LOW
16:28:49,4,SLOW,LOW
16:28:49,2,SLOW,LOW
16:28:49,2,SLOW,LOW
16:28:50,2,SLOW,LOW
16:28:50,3,SLOW,LOW
16:28:50,2,SLOW,LOW
16:28:50,2,SLOW,LOW
16:28:50,2,SLOW,LOW
16:28:50,2,SLOW,LOW
16:28:50,3,SLOW,LOW
16:28:50,2,SLOW,LOW
16:28:51,2,SLOW,LOW
16:28:51,2,SLOW,LOW
16:28:51,2,SLOW,LOW
16:28:51,2,SLOW,LOW
16:28:51,2,SLOW,LOW
16:28:51,2,SLOW,LOW
16:28:51,2,SLOW,LOW
16:28:51,2,SLOW,LOW
16:28:51,2,SLOW,LOW
16:28:52,2,SLOW,LOW
16:28:52,2,SLOW,LOW
16:28:52,2,SLOW,LOW
16:28:52,3,SLOW,LOW
16:28:52,3,SLOW,LOW
16:28:52,2,SLOW,LOW
16:28:52,2,SLOW,LOW
16:28:52,2,SLOW,LOW
16:28:53,2,SLOW,LOW
16:28:53,3,SLOW,LOW
16:28:53,3,SLOW,LOW
16:28:53,3,SLOW,LOW
16:28:53,3,SLOW,LOW
16:28:53,2,SLOW,LOW
16:28:53,3,SLOW,LOW
16:28:53,3,SLOW,LOW
16:28:53,3,SLOW,LOW
16:28:54,3,SLOW,LOW
16:28:54,3,SLOW,LOW
16:28:54,3,SLOW,LOW
16:28:54,3,SLOW,LOW
16:28:54,3,SLOW,LOW
16:28:54,3,SLOW,LOW
16:28:54,3,SLOW,LOW
16:28:54,3,SLOW,LOW
16:28:54,3,SLOW,LOW
16:28:55,3,SLOW,LOW
16:28:55,3,SLOW,LOW
16:28:55,3,SLOW,LOW
16:28:55,3,SLOW,LOW
16:28:55,3,SLOW,LOW
16:28:55,3,SLOW,LOW
16:28:55,2,SLOW,LOW
16:28:55,3,SLOW,LOW
16:28:55,2,SLOW,LOW
16:28:56,3,SLOW,LOW
16:28:56,3,SLOW,LOW
16:28:56,3,SLOW,LOW
16:28:56,2,SLOW,LOW
16:28:56,2,SLOW,LOW
16:28:56,3,SLOW,LOW
16:28:56,2,SLOW,LOW
16:28:56,2,SLOW,LOW
16:28:56,2,SLOW,LOW
16:28:57,2,SLOW,LOW
16:28:57,2,SLOW,LOW
16:28:57,3,SLOW,LOW
16:28:57,3,FAST,LOW
16:28:57,3,SLOW,LOW
16:28:57,4,SLOW,LOW
16:28:57,6,SLOW,MEDIUM
16:28:57,6,MEDIUM,MEDIUM
16:28:58,5,SLOW,MEDIUM
16:28:58,7,SLOW,MEDIUM
16:28:58,6,SLOW,MEDIUM
16:28:58,6,MEDIUM,MEDIUM
16:28:58,6,MEDIUM,MEDIUM
16:28:58,6,FAST,MEDIUM
16:28:58,4,SLOW,LOW
16:28:58,5,SLOW,MEDIUM
16:28:59,7,SLOW,MEDIUM
16:28:59,6,SLOW,MEDIUM
16:28:59,7,SLOW,MEDIUM
16:28:59,7,FAST,MEDIUM
16:28:59,7,FAST,MEDIUM
16:28:59,8,SLOW,MEDIUM
16:28:59,8,FAST,MEDIUM
16:28:59,6,SLOW,MEDIUM
16:29:00,6,FAST,MEDIUM
16:29:00,6,MEDIUM,MEDIUM
16:29:00,6,MEDIUM,MEDIUM
16:29:00,6,MEDIUM,MEDIUM
16:29:00,6,MEDIUM,MEDIUM
16:29:00,4,SLOW,LOW
16:29:00,5,SLOW,MEDIUM
16:29:00,4,SLOW,LOW
16:29:00,5,SLOW,MEDIUM
16:29:01,5,FAST,MEDIUM
16:29:01,6,SLOW,MEDIUM
16:29:01,4,SLOW,LOW
16:29:01,5,SLOW,MEDIUM
16:29:01,6,SLOW,MEDIUM
16:29:01,6,FAST,MEDIUM
16:29:01,5,SLOW,MEDIUM
16:29:01,8,SLOW,MEDIUM
16:29:02,7,SLOW,MEDIUM
16:29:02,7,MEDIUM,MEDIUM
16:29:02,5,SLOW,MEDIUM
16:29:02,6,SLOW,MEDIUM
16:29:02,5,SLOW,MEDIUM
16:29:02,4,SLOW,LOW
16:29:02,4,FAST,LOW
16:29:02,6,SLOW,MEDIUM
16:29:02,5,SLOW,MEDIUM
16:29:03,4,SLOW,LOW
16:29:03,6,SLOW,MEDIUM
16:29:03,6,FAST,MEDIUM
16:29:03,5,SLOW,MEDIUM
16:29:03,5,SLOW,MEDIUM
16:29:03,7,SLOW,MEDIUM
16:29:03,7,FAST,MEDIUM
16:29:03,7,FAST,MEDIUM
16:29:04,5,SLOW,MEDIUM
16:29:04,6,SLOW,MEDIUM
16:29:04,6,FAST,MEDIUM
16:29:04,6,FAST,MEDIUM
16:29:04,6,MEDIUM,MEDIUM
16:29:04,6,MEDIUM,MEDIUM
16:29:04,4,SLOW,LOW
16:29:04,5,SLOW,MEDIUM
16:29:04,5,MEDIUM,MEDIUM
16:29:05,4,SLOW,LOW
16:29:05,4,SLOW,LOW
16:29:05,4,SLOW,LOW
16:29:05,6,SLOW,MEDIUM
16:29:05,5,SLOW,MEDIUM
16:29:05,6,SLOW,MEDIUM
16:29:05,6,SLOW,MEDIUM
16:29:05,7,SLOW,MEDIUM
16:29:06,6,SLOW,MEDIUM
16:29:06,6,SLOW,MEDIUM
16:29:06,6,SLOW,MEDIUM
16:29:06,7,SLOW,MEDIUM
16:29:06,7,MEDIUM,MEDIUM
16:29:06,5,SLOW,MEDIUM
16:29:06,5,SLOW,MEDIUM
16:29:06,5,SLOW,MEDIUM
16:29:07,5,SLOW,MEDIUM
16:29:07,5,SLOW,MEDIUM
16:29:07,6,SLOW,MEDIUM
16:29:07,5,SLOW,MEDIUM
16:29:07,5,FAST,MEDIUM
16:29:07,4,SLOW,LOW
16:29:07,5,SLOW,MEDIUM
16:29:07,6,SLOW,MEDIUM
16:29:07,4,SLOW,LOW
16:29:08,0,SLOW,LOW
16:29:08,2,SLOW,LOW
16:29:08,1,SLOW,LOW
16:29:08,1,SLOW,LOW
16:29:08,1,SLOW,LOW
16:29:08,2,SLOW,LOW
16:29:08,3,SLOW,LOW
16:29:08,2,SLOW,LOW
16:29:08,2,SLOW,LOW
16:29:09,2,SLOW,LOW
16:29:09,2,SLOW,LOW
16:29:09,2,SLOW,LOW
16:29:09,3,SLOW,LOW
16:29:09,3,SLOW,LOW
16:29:09,3,SLOW,LOW
16:29:09,4,SLOW,LOW
16:29:09,3,SLOW,LOW
16:29:09,4,SLOW,LOW
16:29:10,4,SLOW,LOW
16:29:10,4,FAST,LOW
16:29:10,5,SLOW,MEDIUM
16:29:10,5,MEDIUM,MEDIUM
16:29:10,5,MEDIUM,MEDIUM
16:29:10,5,MEDIUM,MEDIUM
16:29:10,5,MEDIUM,MEDIUM
16:29:10,5,MEDIUM,MEDIUM
16:29:11,4,SLOW,LOW
16:29:11,5,SLOW,MEDIUM
16:29:11,5,MEDIUM,MEDIUM
16:29:11,5,MEDIUM,MEDIUM
16:29:11,5,MEDIUM,MEDIUM
16:29:11,5,MEDIUM,MEDIUM
16:29:11,5,SLOW,MEDIUM
16:29:11,5,MEDIUM,MEDIUM
16:29:12,5,SLOW,MEDIUM
16:29:12,4,SLOW,LOW
16:29:12,5,SLOW,MEDIUM
16:29:12,5,MEDIUM,MEDIUM
16:29:12,5,SLOW,MEDIUM
16:29:12,5,SLOW,MEDIUM
16:29:12,5,SLOW,MEDIUM
16:29:12,5,SLOW,MEDIUM
16:29:12,5,SLOW,MEDIUM
16:29:13,5,SLOW,MEDIUM
16:29:13,5,SLOW,MEDIUM
16:29:13,5,SLOW,MEDIUM
16:29:13,5,SLOW,MEDIUM
16:29:13,5,SLOW,MEDIUM
16:29:13,5,SLOW,MEDIUM
16:29:13,5,SLOW,MEDIUM
16:29:13,5,SLOW,MEDIUM
16:29:13,5,SLOW,MEDIUM
16:29:14,5,SLOW,MEDIUM
16:29:14,5,SLOW,MEDIUM
16:29:14,5,SLOW,MEDIUM
16:29:14,5,SLOW,MEDIUM
16:29:14,5,SLOW,MEDIUM
16:29:14,5,SLOW,MEDIUM
16:29:14,5,SLOW,MEDIUM
16:29:14,6,SLOW,MEDIUM
16:29:14,6,SLOW,MEDIUM
16:29:15,6,SLOW,MEDIUM
16:29:15,6,SLOW,MEDIUM
16:29:15,6,SLOW,MEDIUM
16:29:15,5,SLOW,MEDIUM
16:29:15,5,SLOW,MEDIUM
16:29:15,6,SLOW,MEDIUM
16:29:15,6,SLOW,MEDIUM
16:29:15,5,SLOW,MEDIUM
16:29:15,5,SLOW,MEDIUM
16:29:16,5,SLOW,MEDIUM
16:29:16,6,SLOW,MEDIUM
16:29:16,6,SLOW,MEDIUM
16:29:16,6,SLOW,MEDIUM
16:29:16,5,SLOW,MEDIUM
16:29:16,5,SLOW,MEDIUM
16:29:16,5,SLOW,MEDIUM
16:29:16,5,SLOW,MEDIUM
16:29:17,5,SLOW,MEDIUM
16:29:17,5,SLOW,MEDIUM
16:29:17,5,FAST,MEDIUM
16:29:17,5,SLOW,MEDIUM
16:29:17,5,SLOW,MEDIUM
16:29:17,5,SLOW,MEDIUM
16:29:17,5,SLOW,MEDIUM
16:29:17,5,SLOW,MEDIUM
16:29:17,5,SLOW,MEDIUM
16:29:17,5,SLOW,MEDIUM
16:29:18,5,SLOW,MEDIUM
16:29:18,5,SLOW,MEDIUM
16:29:18,5,SLOW,MEDIUM
16:29:18,5,SLOW,MEDIUM
16:29:18,5,SLOW,MEDIUM
16:29:18,5,SLOW,MEDIUM
16:29:18,5,SLOW,MEDIUM
16:29:18,5,SLOW,MEDIUM
16:29:19,5,SLOW,MEDIUM
16:29:19,5,SLOW,MEDIUM
16:29:19,5,SLOW,MEDIUM
16:29:19,5,SLOW,MEDIUM
16:29:19,5,SLOW,MEDIUM
16:29:19,5,SLOW,MEDIUM
16:29:19,5,SLOW,MEDIUM
16:29:19,7,SLOW,MEDIUM
16:29:19,6,SLOW,MEDIUM
16:29:20,7,SLOW,MEDIUM
16:29:20,6,SLOW,MEDIUM
16:29:20,7,SLOW,MEDIUM
16:29:20,6,SLOW,MEDIUM
16:29:20,5,SLOW,MEDIUM
16:29:20,5,SLOW,MEDIUM
16:29:20,6,SLOW,MEDIUM
16:29:20,6,FAST,MEDIUM
16:29:20,5,SLOW,MEDIUM
16:29:21,4,SLOW,LOW
16:29:21,5,SLOW,MEDIUM
16:29:21,5,SLOW,MEDIUM
16:29:21,5,FAST,MEDIUM
16:29:21,6,SLOW,MEDIUM
16:29:21,5,SLOW,MEDIUM
16:29:21,5,SLOW,MEDIUM
16:29:21,5,SLOW,MEDIUM
16:29:21,5,SLOW,MEDIUM
16:29:22,6,SLOW,MEDIUM
16:29:22,5,SLOW,MEDIUM
16:29:22,6,SLOW,MEDIUM
16:29:22,7,SLOW,MEDIUM
16:29:22,7,FAST,MEDIUM
16:29:22,8,SLOW,MEDIUM
16:29:22,7,SLOW,MEDIUM
16:29:22,6,SLOW,MEDIUM
16:29:23,6,FAST,MEDIUM
16:29:23,7,SLOW,MEDIUM
16:29:23,7,FAST,MEDIUM
16:29:23,5,SLOW,MEDIUM
16:29:23,7,SLOW,MEDIUM
16:29:23,8,SLOW,MEDIUM
16:29:23,7,SLOW,MEDIUM
16:29:23,7,FAST,MEDIUM
16:29:23,6,SLOW,MEDIUM
16:29:24,8,SLOW,MEDIUM
16:29:24,7,SLOW,MEDIUM
16:29:24,8,SLOW,MEDIUM
16:29:24,9,SLOW,MEDIUM
16:29:24,6,SLOW,MEDIUM
16:29:24,6,SLOW,MEDIUM
16:29:24,6,SLOW,MEDIUM
16:29:24,7,SLOW,MEDIUM
16:29:24,6,SLOW,MEDIUM
16:29:25,7,SLOW,MEDIUM
16:29:25,6,SLOW,MEDIUM
16:29:25,6,SLOW,MEDIUM
16:29:25,6,SLOW,MEDIUM
16:29:25,6,SLOW,MEDIUM
16:29:25,7,SLOW,MEDIUM
16:29:25,6,SLOW,MEDIUM
16:29:25,6,SLOW,MEDIUM
16:29:25,6,SLOW,MEDIUM
16:29:26,6,SLOW,MEDIUM
16:29:26,6,MEDIUM,MEDIUM
16:29:26,6,SLOW,MEDIUM
16:29:26,6,SLOW,MEDIUM
16:29:26,5,SLOW,MEDIUM
16:29:26,7,SLOW,MEDIUM
16:29:26,6,SLOW,MEDIUM
16:29:26,6,SLOW,MEDIUM
16:29:26,6,SLOW,MEDIUM
16:29:27,6,SLOW,MEDIUM
16:29:27,6,SLOW,MEDIUM
16:29:27,6,SLOW,MEDIUM
16:29:27,6,SLOW,MEDIUM
16:29:27,6,SLOW,MEDIUM
16:29:27,8,SLOW,MEDIUM
16:29:27,8,SLOW,MEDIUM
16:29:27,7,SLOW,MEDIUM
16:29:28,7,SLOW,MEDIUM
16:29:28,7,SLOW,MEDIUM
16:29:28,7,SLOW,MEDIUM
16:29:28,7,SLOW,MEDIUM
16:29:28,8,SLOW,MEDIUM
16:29:28,7,SLOW,MEDIUM
16:29:28,8,SLOW,MEDIUM
16:29:28,8,SLOW,MEDIUM
16:29:29,7,SLOW,MEDIUM
16:29:29,7,SLOW,MEDIUM
16:29:29,7,SLOW,MEDIUM
16:29:29,7,SLOW,MEDIUM
16:29:29,7,SLOW,MEDIUM
16:29:29,7,SLOW,MEDIUM
16:29:29,7,SLOW,MEDIUM
16:29:29,7,SLOW,MEDIUM
16:29:29,7,SLOW,MEDIUM
16:29:30,6,SLOW,MEDIUM
16:29:30,7,SLOW,MEDIUM
16:29:30,7,SLOW,MEDIUM
16:29:30,7,SLOW,MEDIUM
16:29:30,7,SLOW,MEDIUM
16:29:30,6,SLOW,MEDIUM
16:29:30,7,SLOW,MEDIUM
16:29:30,7,SLOW,MEDIUM
16:29:30,6,SLOW,MEDIUM
16:29:31,7,SLOW,MEDIUM
16:29:31,7,SLOW,MEDIUM
16:29:31,7,SLOW,MEDIUM
16:29:31,7,SLOW,MEDIUM
16:29:31,7,FAST,MEDIUM
16:29:31,7,SLOW,MEDIUM
16:29:31,8,SLOW,MEDIUM
16:29:31,8,SLOW,MEDIUM
16:29:32,8,SLOW,MEDIUM
16:29:32,9,SLOW,MEDIUM
16:29:32,8,SLOW,MEDIUM
16:29:32,7,SLOW,MEDIUM
16:29:32,6,SLOW,MEDIUM
16:29:32,6,SLOW,MEDIUM
16:29:32,6,SLOW,MEDIUM
16:29:32,6,SLOW,MEDIUM
16:29:32,6,SLOW,MEDIUM
16:29:33,6,SLOW,MEDIUM
16:29:33,6,SLOW,MEDIUM
16:29:33,6,SLOW,MEDIUM
16:29:33,6,SLOW,MEDIUM
16:29:33,6,SLOW,MEDIUM
16:29:33,6,SLOW,MEDIUM
16:29:33,6,SLOW,MEDIUM
16:29:33,6,SLOW,MEDIUM
16:29:34,7,SLOW,MEDIUM
16:29:34,6,SLOW,MEDIUM
16:29:34,6,SLOW,MEDIUM
16:29:34,6,SLOW,MEDIUM
16:29:34,6,SLOW,MEDIUM
16:29:34,6,SLOW,MEDIUM
16:29:34,6,SLOW,MEDIUM
16:29:34,7,SLOW,MEDIUM
16:29:35,8,SLOW,MEDIUM
16:29:35,6,SLOW,MEDIUM
16:29:35,6,SLOW,MEDIUM
16:29:35,6,SLOW,MEDIUM
16:29:35,6,SLOW,MEDIUM
16:29:35,7,SLOW,MEDIUM
16:29:35,6,SLOW,MEDIUM
16:29:35,7,SLOW,MEDIUM
16:29:35,6,SLOW,MEDIUM
16:29:36,7,SLOW,MEDIUM
16:29:36,7,SLOW,MEDIUM
16:29:36,8,SLOW,MEDIUM
16:29:36,7,SLOW,MEDIUM
16:29:36,8,SLOW,MEDIUM
16:29:36,7,SLOW,MEDIUM
16:29:36,8,SLOW,MEDIUM
16:29:36,7,SLOW,MEDIUM
16:29:37,6,SLOW,MEDIUM
16:29:37,5,SLOW,MEDIUM
16:29:37,7,SLOW,MEDIUM
16:29:37,7,FAST,MEDIUM
16:29:37,6,SLOW,MEDIUM
16:29:37,7,SLOW,MEDIUM
16:29:37,7,FAST,MEDIUM
16:29:37,6,SLOW,MEDIUM
16:29:38,6,FAST,MEDIUM
16:29:38,6,MEDIUM,MEDIUM
16:29:38,6,MEDIUM,MEDIUM
16:29:38,6,MEDIUM,MEDIUM
16:29:38,6,MEDIUM,MEDIUM
16:29:38,6,SLOW,MEDIUM
16:29:38,6,SLOW,MEDIUM
16:29:38,6,MEDIUM,MEDIUM
16:29:38,6,SLOW,MEDIUM
16:29:39,7,SLOW,MEDIUM
16:29:39,7,SLOW,MEDIUM
16:29:39,7,SLOW,MEDIUM
16:29:39,6,SLOW,MEDIUM
16:29:39,6,SLOW,MEDIUM
16:29:39,8,SLOW,MEDIUM
16:29:39,7,SLOW,MEDIUM
16:29:39,7,SLOW,MEDIUM
16:29:39,5,SLOW,MEDIUM
16:29:40,6,SLOW,MEDIUM
16:29:40,6,SLOW,MEDIUM
16:29:40,6,SLOW,MEDIUM
16:29:40,6,SLOW,MEDIUM
16:29:40,6,SLOW,MEDIUM
16:29:40,7,SLOW,MEDIUM
16:29:40,6,SLOW,MEDIUM
16:29:40,6,SLOW,MEDIUM
16:29:41,6,SLOW,MEDIUM
16:29:41,6,SLOW,MEDIUM
16:29:41,6,SLOW,MEDIUM
16:29:41,6,SLOW,MEDIUM
16:29:41,6,SLOW,MEDIUM
16:29:41,6,SLOW,MEDIUM
16:29:41,6,SLOW,MEDIUM
16:29:41,6,SLOW,MEDIUM
16:29:42,6,SLOW,MEDIUM
16:29:42,6,SLOW,MEDIUM
16:29:42,6,SLOW,MEDIUM
16:29:42,6,SLOW,MEDIUM
16:29:42,6,SLOW,MEDIUM
16:29:42,6,SLOW,MEDIUM
16:29:42,6,SLOW,MEDIUM
16:29:42,6,SLOW,MEDIUM
16:29:42,6,SLOW,MEDIUM
16:29:43,6,SLOW,MEDIUM
16:29:43,6,SLOW,MEDIUM
16:29:43,6,SLOW,MEDIUM
16:29:43,6,SLOW,MEDIUM
16:29:43,6,SLOW,MEDIUM
16:29:43,6,SLOW,MEDIUM
16:29:43,6,SLOW,MEDIUM
16:29:43,6,SLOW,MEDIUM
16:29:43,6,SLOW,MEDIUM
16:29:44,6,SLOW,MEDIUM
16:29:44,7,SLOW,MEDIUM
16:29:44,7,FAST,MEDIUM
16:29:44,7,SLOW,MEDIUM
16:29:44,7,SLOW,MEDIUM
16:29:44,6,SLOW,MEDIUM
16:29:44,6,SLOW,MEDIUM
16:29:44,6,SLOW,MEDIUM
16:29:44,6,SLOW,MEDIUM
16:29:45,6,SLOW,MEDIUM
16:29:45,6,SLOW,MEDIUM
16:29:45,6,SLOW,MEDIUM
16:29:45,6,SLOW,MEDIUM
16:29:45,6,SLOW,MEDIUM
16:29:45,6,SLOW,MEDIUM
16:29:45,6,SLOW,MEDIUM
16:29:45,6,SLOW,MEDIUM
16:29:45,6,SLOW,MEDIUM
16:29:46,6,SLOW,MEDIUM
16:29:46,6,SLOW,MEDIUM
16:29:46,6,SLOW,MEDIUM
16:29:46,6,SLOW,MEDIUM
16:29:46,6,SLOW,MEDIUM
16:29:46,6,SLOW,MEDIUM
16:29:46,6,SLOW,MEDIUM
16:29:46,6,SLOW,MEDIUM
16:29:46,6,SLOW,MEDIUM
16:29:47,6,SLOW,MEDIUM
16:29:47,6,SLOW,MEDIUM
16:29:47,6,SLOW,MEDIUM
16:29:47,6,SLOW,MEDIUM
16:29:47,6,SLOW,MEDIUM
16:29:47,6,SLOW,MEDIUM
16:29:47,6,SLOW,MEDIUM
16:29:47,7,SLOW,MEDIUM
16:29:47,7,SLOW,MEDIUM
16:29:48,7,SLOW,MEDIUM
16:29:48,7,SLOW,MEDIUM
16:29:48,7,SLOW,MEDIUM
16:29:48,7,SLOW,MEDIUM
16:29:48,7,SLOW,MEDIUM
16:29:48,7,SLOW,MEDIUM
16:29:48,7,SLOW,MEDIUM
16:29:48,7,SLOW,MEDIUM
16:29:48,7,SLOW,MEDIUM
16:29:49,7,SLOW,MEDIUM
16:29:49,7,SLOW,MEDIUM
16:29:49,7,SLOW,MEDIUM
16:29:49,7,SLOW,MEDIUM
16:29:49,7,SLOW,MEDIUM
16:29:49,7,SLOW,MEDIUM
16:29:49,7,SLOW,MEDIUM
16:29:49,7,SLOW,MEDIUM
16:29:49,7,SLOW,MEDIUM
16:29:50,7,SLOW,MEDIUM
16:29:50,7,SLOW,MEDIUM
16:29:50,7,SLOW,MEDIUM
16:29:50,7,SLOW,MEDIUM
16:29:50,7,SLOW,MEDIUM
16:29:50,7,SLOW,MEDIUM
16:29:50,7,SLOW,MEDIUM
16:29:50,7,SLOW,MEDIUM
16:29:50,7,SLOW,MEDIUM
16:29:51,7,SLOW,MEDIUM
16:29:51,7,SLOW,MEDIUM
16:29:51,7,SLOW,MEDIUM
16:29:51,7,SLOW,MEDIUM
16:29:51,7,SLOW,MEDIUM
16:29:51,7,SLOW,MEDIUM
16:29:51,7,SLOW,MEDIUM
16:29:51,7,SLOW,MEDIUM
16:29:51,7,SLOW,MEDIUM
16:29:52,7,SLOW,MEDIUM
16:29:52,7,SLOW,MEDIUM
16:29:52,7,SLOW,MEDIUM
16:29:52,7,SLOW,MEDIUM
16:29:52,7,SLOW,MEDIUM
16:29:52,7,SLOW,MEDIUM
16:29:52,7,SLOW,MEDIUM
16:29:52,7,SLOW,MEDIUM
16:29:52,7,SLOW,MEDIUM
16:29:53,7,SLOW,MEDIUM
16:29:53,7,SLOW,MEDIUM
16:29:53,9,SLOW,MEDIUM
16:29:53,9,SLOW,MEDIUM
16:29:53,10,SLOW,MEDIUM
16:29:53,9,SLOW,MEDIUM
16:29:53,8,SLOW,MEDIUM
16:29:53,8,SLOW,MEDIUM
16:29:53,8,SLOW,MEDIUM
16:29:54,8,SLOW,MEDIUM
16:29:54,8,SLOW,MEDIUM
16:29:54,8,SLOW,MEDIUM
16:29:54,8,FAST,MEDIUM
16:29:54,8,SLOW,MEDIUM
16:29:54,8,SLOW,MEDIUM
16:29:54,7,SLOW,MEDIUM
16:29:54,7,SLOW,MEDIUM
16:29:54,7,SLOW,MEDIUM
16:29:55,8,SLOW,MEDIUM
16:29:55,8,SLOW,MEDIUM
16:29:55,8,FAST,MEDIUM
16:29:55,8,SLOW,MEDIUM
16:29:55,9,SLOW,MEDIUM
16:29:55,8,SLOW,MEDIUM
16:29:55,7,SLOW,MEDIUM
16:29:55,7,SLOW,MEDIUM
16:29:56,8,SLOW,MEDIUM
16:29:56,7,SLOW,MEDIUM
16:29:56,7,SLOW,MEDIUM
time,vehicles,speed,traffic
16:31:17,6,SLOW,MEDIUM
16:31:17,6,SLOW,MEDIUM
16:31:17,6,SLOW,MEDIUM
16:31:17,6,SLOW,MEDIUM
16:31:17,6,SLOW,MEDIUM
16:31:18,6,SLOW,MEDIUM
16:31:18,6,SLOW,MEDIUM
16:31:18,5,SLOW,MEDIUM
16:31:18,4,SLOW,LOW
16:31:18,5,SLOW,MEDIUM
16:31:18,3,SLOW,LOW
16:31:18,4,SLOW,LOW
16:31:18,5,SLOW,MEDIUM
16:31:19,4,SLOW,LOW
16:31:19,4,SLOW,LOW
16:31:19,4,SLOW,LOW
16:31:19,4,SLOW,LOW
16:31:19,4,SLOW,LOW
16:31:19,4,SLOW,LOW
16:31:19,4,SLOW,LOW
16:31:19,5,SLOW,MEDIUM
16:31:19,4,SLOW,LOW
16:31:20,4,SLOW,LOW
16:31:20,4,SLOW,LOW
16:31:20,4,SLOW,LOW
16:31:20,4,SLOW,LOW
16:31:20,4,SLOW,LOW
16:31:20,4,SLOW,LOW
16:31:20,4,SLOW,LOW
16:31:20,4,SLOW,LOW
16:31:20,5,SLOW,MEDIUM
16:31:21,6,SLOW,MEDIUM
16:31:21,4,SLOW,LOW
16:31:21,4,SLOW,LOW
16:31:21,5,SLOW,MEDIUM
16:31:21,5,SLOW,MEDIUM
16:31:21,5,SLOW,MEDIUM
16:31:21,6,SLOW,MEDIUM
16:31:21,6,SLOW,MEDIUM
16:31:21,6,SLOW,MEDIUM
16:31:22,4,SLOW,LOW
16:31:22,4,SLOW,LOW
16:31:22,4,SLOW,LOW
16:31:22,5,SLOW,MEDIUM
16:31:22,5,SLOW,MEDIUM
16:31:22,4,SLOW,LOW
16:31:22,4,FAST,LOW
16:31:22,5,SLOW,MEDIUM
16:31:22,4,SLOW,LOW
16:31:23,4,FAST,LOW
16:31:23,4,FAST,LOW
16:31:23,4,SLOW,LOW
16:31:23,4,SLOW,LOW
16:31:23,5,SLOW,MEDIUM
16:31:23,5,SLOW,MEDIUM
16:31:23,5,SLOW,MEDIUM
16:31:23,5,SLOW,MEDIUM
16:31:23,5,SLOW,MEDIUM
16:31:24,5,SLOW,MEDIUM
16:31:24,5,SLOW,MEDIUM
16:31:24,5,SLOW,MEDIUM
16:31:24,5,SLOW,MEDIUM
16:31:24,5,SLOW,MEDIUM
16:31:24,5,SLOW,MEDIUM
16:31:24,5,SLOW,MEDIUM
16:31:24,5,SLOW,MEDIUM
16:31:24,5,SLOW,MEDIUM
16:31:25,4,SLOW,LOW
16:31:25,4,SLOW,LOW
16:31:25,4,SLOW,LOW
16:31:25,4,SLOW,LOW
16:31:25,4,SLOW,LOW
16:31:25,4,SLOW,LOW
16:31:25,4,SLOW,LOW
16:31:25,4,SLOW,LOW
16:31:25,4,SLOW,LOW
16:31:26,4,SLOW,LOW
16:31:26,4,SLOW,LOW
16:31:26,4,SLOW,LOW
16:31:26,4,SLOW,LOW
16:31:26,4,SLOW,LOW
16:31:26,4,SLOW,LOW
16:31:26,4,SLOW,LOW
16:31:26,4,SLOW,LOW
16:31:26,4,SLOW,LOW
16:31:27,4,SLOW,LOW
16:31:27,4,SLOW,LOW
16:31:27,4,SLOW,LOW
16:31:27,4,SLOW,LOW
16:31:27,4,SLOW,LOW
16:31:27,4,SLOW,LOW
16:31:27,4,SLOW,LOW
16:31:27,4,SLOW,LOW
16:31:27,4,SLOW,LOW
16:31:28,4,SLOW,LOW
16:31:28,4,SLOW,LOW
16:31:28,4,SLOW,LOW
16:31:28,4,SLOW,LOW
16:31:28,4,SLOW,LOW
16:31:28,4,SLOW,LOW
16:31:28,4,SLOW,LOW
16:31:28,5,SLOW,MEDIUM
16:31:28,5,SLOW,MEDIUM
16:31:29,5,SLOW,MEDIUM
16:31:29,5,SLOW,MEDIUM
16:31:29,4,SLOW,LOW
16:31:29,4,SLOW,LOW
16:31:29,4,SLOW,LOW
16:31:29,4,SLOW,LOW
16:31:29,4,SLOW,LOW
16:31:29,5,SLOW,MEDIUM
16:31:29,4,SLOW,LOW
16:31:30,4,SLOW,LOW
16:31:30,4,SLOW,LOW
16:31:30,4,SLOW,LOW
16:31:30,4,SLOW,LOW
16:31:30,4,SLOW,LOW
16:31:30,4,SLOW,LOW
16:31:30,4,SLOW,LOW
16:31:30,4,SLOW,LOW
16:31:30,4,SLOW,LOW
16:31:31,4,SLOW,LOW
16:31:31,3,SLOW,LOW
16:31:31,3,SLOW,LOW
16:31:31,4,SLOW,LOW
16:31:31,3,SLOW,LOW
16:31:31,4,SLOW,LOW
16:31:31,4,SLOW,LOW
16:31:31,4,SLOW,LOW
16:31:31,4,SLOW,LOW
16:31:32,3,SLOW,LOW
16:31:32,4,SLOW,LOW
16:31:32,3,SLOW,LOW
16:31:32,3,SLOW,LOW
16:31:32,4,SLOW,LOW
16:31:32,4,SLOW,LOW
16:31:32,4,SLOW,LOW
16:31:32,4,SLOW,LOW
16:31:32,5,SLOW,MEDIUM
16:31:33,5,SLOW,MEDIUM
16:31:33,4,SLOW,LOW
16:31:33,4,SLOW,LOW
16:31:33,4,SLOW,LOW
16:31:33,4,SLOW,LOW
16:31:33,4,SLOW,LOW
16:31:33,4,SLOW,LOW
16:31:33,5,SLOW,MEDIUM
16:31:33,4,SLOW,LOW
16:31:34,4,SLOW,LOW
16:31:34,4,SLOW,LOW
16:31:34,4,SLOW,LOW
16:31:34,4,SLOW,LOW
16:31:34,4,SLOW,LOW
16:31:34,4,SLOW,LOW
16:31:34,4,SLOW,LOW
16:31:34,4,SLOW,LOW
16:31:34,4,SLOW,LOW
16:31:35,4,SLOW,LOW
16:31:35,4,SLOW,LOW
16:31:35,4,SLOW,LOW
16:31:35,4,SLOW,LOW
16:31:35,4,SLOW,LOW
16:31:35,5,SLOW,MEDIUM
16:31:35,5,SLOW,MEDIUM
16:31:35,5,MEDIUM,MEDIUM
16:31:35,5,MEDIUM,MEDIUM
16:31:36,4,SLOW,LOW
16:31:36,6,SLOW,MEDIUM
16:31:36,5,SLOW,MEDIUM
16:31:36,5,SLOW,MEDIUM
16:31:36,4,SLOW,LOW
16:31:36,4,SLOW,LOW
16:31:36,5,SLOW,MEDIUM
16:31:36,5,SLOW,MEDIUM
16:31:36,5,SLOW,MEDIUM
16:31:37,5,SLOW,MEDIUM
16:31:37,5,SLOW,MEDIUM
16:31:37,5,SLOW,MEDIUM
16:31:37,5,SLOW,MEDIUM
16:31:37,5,SLOW,MEDIUM
16:31:37,6,SLOW,MEDIUM
16:31:37,6,SLOW,MEDIUM
16:31:37,5,SLOW,MEDIUM
16:31:37,5,SLOW,MEDIUM
16:31:38,5,SLOW,MEDIUM
16:31:38,5,SLOW,MEDIUM
16:31:38,5,SLOW,MEDIUM
16:31:38,5,SLOW,MEDIUM
16:31:38,5,SLOW,MEDIUM
16:31:38,5,SLOW,MEDIUM
16:31:38,5,SLOW,MEDIUM
16:31:38,5,SLOW,MEDIUM
16:31:38,5,SLOW,MEDIUM
16:31:39,5,SLOW,MEDIUM
16:31:39,5,SLOW,MEDIUM
16:31:39,5,SLOW,MEDIUM
16:31:39,5,SLOW,MEDIUM
16:31:39,5,SLOW,MEDIUM
16:31:39,5,SLOW,MEDIUM
16:31:39,5,SLOW,MEDIUM
16:31:39,5,SLOW,MEDIUM
16:31:39,5,SLOW,MEDIUM
16:31:40,5,SLOW,MEDIUM
16:31:40,5,SLOW,MEDIUM
16:31:40,5,SLOW,MEDIUM
16:31:40,5,SLOW,MEDIUM
16:31:40,5,SLOW,MEDIUM
16:31:40,5,SLOW,MEDIUM
16:31:40,5,SLOW,MEDIUM
16:31:40,5,SLOW,MEDIUM
16:31:40,5,SLOW,MEDIUM
16:31:41,5,SLOW,MEDIUM
16:31:41,5,SLOW,MEDIUM
16:31:41,5,SLOW,MEDIUM
16:31:41,5,SLOW,MEDIUM
16:31:41,5,SLOW,MEDIUM
16:31:41,5,SLOW,MEDIUM
16:31:41,5,SLOW,MEDIUM
16:31:41,5,SLOW,MEDIUM
16:31:41,5,SLOW,MEDIUM
16:31:42,5,SLOW,MEDIUM
16:31:42,5,SLOW,MEDIUM
16:31:42,5,SLOW,MEDIUM
16:31:42,5,SLOW,MEDIUM
16:31:42,6,SLOW,MEDIUM
16:31:42,6,SLOW,MEDIUM
16:31:42,6,SLOW,MEDIUM
16:31:42,6,SLOW,MEDIUM
16:31:42,6,SLOW,MEDIUM
16:31:43,6,SLOW,MEDIUM
16:31:43,6,SLOW,MEDIUM
16:31:43,6,SLOW,MEDIUM
16:31:43,6,SLOW,MEDIUM
16:31:43,6,SLOW,MEDIUM
16:31:43,6,SLOW,MEDIUM
16:31:43,6,SLOW,MEDIUM
16:31:43,6,SLOW,MEDIUM
16:31:43,6,SLOW,MEDIUM
16:31:44,6,SLOW,MEDIUM
16:31:44,6,SLOW,MEDIUM
16:31:44,6,SLOW,MEDIUM
16:31:44,6,SLOW,MEDIUM
16:31:44,6,SLOW,MEDIUM
16:31:44,6,SLOW,MEDIUM
16:31:44,6,SLOW,MEDIUM
16:31:44,6,SLOW,MEDIUM
16:31:45,6,SLOW,MEDIUM
16:31:45,6,SLOW,MEDIUM
16:31:45,6,SLOW,MEDIUM
16:31:45,6,SLOW,MEDIUM
16:31:45,6,SLOW,MEDIUM
16:31:45,6,SLOW,MEDIUM
16:31:45,6,SLOW,MEDIUM
16:31:45,6,SLOW,MEDIUM
16:31:45,6,SLOW,MEDIUM
16:31:46,6,SLOW,MEDIUM
16:31:46,6,SLOW,MEDIUM
16:31:46,6,SLOW,MEDIUM
16:31:46,6,SLOW,MEDIUM
16:31:46,6,SLOW,MEDIUM
16:31:46,7,SLOW,MEDIUM
16:31:46,5,SLOW,MEDIUM
16:31:46,5,SLOW,MEDIUM
16:31:46,5,SLOW,MEDIUM
16:31:47,6,SLOW,MEDIUM
16:31:47,7,SLOW,MEDIUM
16:31:47,7,FAST,MEDIUM
16:31:47,7,FAST,MEDIUM
16:31:47,7,SLOW,MEDIUM
16:31:47,7,SLOW,MEDIUM
16:31:47,7,SLOW,MEDIUM
16:31:47,5,SLOW,MEDIUM
16:31:47,5,SLOW,MEDIUM
16:31:47,6,SLOW,MEDIUM
16:31:48,7,SLOW,MEDIUM
16:31:48,7,SLOW,MEDIUM
16:31:48,6,SLOW,MEDIUM
16:31:48,6,SLOW,MEDIUM
16:31:48,7,SLOW,MEDIUM
16:31:48,7,SLOW,MEDIUM
16:31:48,5,SLOW,MEDIUM
16:31:48,7,SLOW,MEDIUM
16:31:49,7,SLOW,MEDIUM
16:31:49,8,SLOW,MEDIUM
16:31:49,7,SLOW,MEDIUM
16:31:49,8,SLOW,MEDIUM
16:31:49,8,SLOW,MEDIUM
16:31:49,8,SLOW,MEDIUM
16:31:49,8,FAST,MEDIUM
16:31:49,7,SLOW,MEDIUM
16:31:49,6,SLOW,MEDIUM
16:31:50,7,SLOW,MEDIUM
16:31:50,7,SLOW,MEDIUM
16:31:50,6,SLOW,MEDIUM
16:31:50,6,SLOW,MEDIUM
16:31:50,6,SLOW,MEDIUM
16:31:50,6,SLOW,MEDIUM
16:31:50,6,SLOW,MEDIUM
16:31:50,6,SLOW,MEDIUM
16:31:50,6,SLOW,MEDIUM
16:31:51,6,SLOW,MEDIUM
16:31:51,6,SLOW,MEDIUM
16:31:51,5,SLOW,MEDIUM
16:31:51,5,SLOW,MEDIUM
16:31:51,5,SLOW,MEDIUM
16:31:51,4,SLOW,LOW
16:31:51,6,SLOW,MEDIUM
16:31:51,5,SLOW,MEDIUM
16:31:51,3,SLOW,LOW
16:31:52,4,SLOW,LOW
16:31:52,4,SLOW,LOW
16:31:52,4,SLOW,LOW
16:31:52,5,SLOW,MEDIUM
16:31:52,5,SLOW,MEDIUM
16:31:52,5,SLOW,MEDIUM
16:31:52,5,SLOW,MEDIUM
16:31:52,5,SLOW,MEDIUM
16:31:52,5,SLOW,MEDIUM
16:31:53,5,SLOW,MEDIUM
16:31:53,5,SLOW,MEDIUM
16:31:53,4,SLOW,LOW
16:31:53,4,SLOW,LOW
16:31:53,4,SLOW,LOW
16:31:53,4,SLOW,LOW
16:31:53,4,SLOW,LOW
16:31:53,6,SLOW,MEDIUM
16:31:53,6,SLOW,MEDIUM
16:31:54,6,SLOW,MEDIUM
16:31:54,6,SLOW,MEDIUM
16:31:54,6,SLOW,MEDIUM
16:31:54,6,SLOW,MEDIUM
16:31:54,6,SLOW,MEDIUM
16:31:54,6,SLOW,MEDIUM
16:31:54,6,SLOW,MEDIUM
16:31:54,6,SLOW,MEDIUM
16:31:54,7,SLOW,MEDIUM
16:31:55,6,SLOW,MEDIUM
16:31:55,6,SLOW,MEDIUM
16:31:55,6,SLOW,MEDIUM
16:31:55,6,SLOW,MEDIUM
16:31:55,7,SLOW,MEDIUM
16:31:55,6,SLOW,MEDIUM
16:31:55,5,SLOW,MEDIUM
16:31:55,5,SLOW,MEDIUM
16:31:55,5,SLOW,MEDIUM
16:31:56,5,SLOW,MEDIUM
16:31:56,5,SLOW,MEDIUM
16:31:56,5,SLOW,MEDIUM
16:31:56,5,SLOW,MEDIUM
16:31:56,5,SLOW,MEDIUM
16:31:56,5,SLOW,MEDIUM
16:31:56,5,SLOW,MEDIUM
16:31:56,5,SLOW,MEDIUM
16:31:56,5,SLOW,MEDIUM
16:31:57,6,SLOW,MEDIUM
16:31:57,5,SLOW,MEDIUM
16:31:57,5,SLOW,MEDIUM
16:31:57,5,SLOW,MEDIUM
16:31:57,5,MEDIUM,MEDIUM
16:31:57,5,MEDIUM,MEDIUM
16:31:57,5,MEDIUM,MEDIUM
16:31:57,5,MEDIUM,MEDIUM
16:31:57,5,MEDIUM,MEDIUM
16:31:58,4,SLOW,LOW
16:31:58,5,SLOW,MEDIUM
16:31:58,5,MEDIUM,MEDIUM
16:31:58,5,MEDIUM,MEDIUM
16:31:58,5,MEDIUM,MEDIUM
16:31:58,6,SLOW,MEDIUM
16:31:58,6,MEDIUM,MEDIUM
16:31:58,5,SLOW,MEDIUM
16:31:59,5,MEDIUM,MEDIUM
16:31:59,5,MEDIUM,MEDIUM
16:31:59,5,FAST,MEDIUM
16:31:59,6,SLOW,MEDIUM
16:31:59,5,SLOW,MEDIUM
16:31:59,5,FAST,MEDIUM
16:31:59,6,SLOW,MEDIUM
16:31:59,6,FAST,MEDIUM
16:31:59,7,SLOW,MEDIUM
16:32:00,7,FAST,MEDIUM
16:32:00,5,SLOW,MEDIUM
16:32:00,7,SLOW,MEDIUM
16:32:00,7,FAST,MEDIUM
16:32:00,8,SLOW,MEDIUM
16:32:00,8,MEDIUM,MEDIUM
16:32:00,8,MEDIUM,MEDIUM
16:32:00,8,MEDIUM,MEDIUM
16:32:01,8,MEDIUM,MEDIUM
16:32:01,8,MEDIUM,MEDIUM
16:32:01,8,MEDIUM,MEDIUM
16:32:01,7,SLOW,MEDIUM
16:32:01,8,SLOW,MEDIUM
16:32:01,7,SLOW,MEDIUM
16:32:02,6,SLOW,MEDIUM
16:32:02,4,SLOW,LOW
16:32:02,7,SLOW,MEDIUM
16:32:02,6,SLOW,MEDIUM
16:32:02,5,SLOW,MEDIUM
16:32:02,3,SLOW,LOW
16:32:02,4,SLOW,LOW
16:32:03,6,SLOW,MEDIUM
16:32:03,6,SLOW,MEDIUM
16:32:03,6,SLOW,MEDIUM
16:32:03,5,SLOW,MEDIUM
16:32:03,5,SLOW,MEDIUM
16:32:03,3,SLOW,LOW
16:32:03,4,SLOW,LOW
16:32:03,4,SLOW,LOW
16:32:04,4,SLOW,LOW
16:32:04,4,SLOW,LOW
16:32:04,4,SLOW,LOW
16:32:04,6,SLOW,MEDIUM
16:32:04,4,SLOW,LOW
16:32:05,5,SLOW,MEDIUM
16:32:05,5,FAST,MEDIUM
16:32:05,5,SLOW,MEDIUM
16:32:05,4,SLOW,LOW
16:32:06,5,SLOW,MEDIUM
16:32:06,6,SLOW,MEDIUM
16:32:06,5,SLOW,MEDIUM
16:32:06,5,SLOW,MEDIUM
16:32:06,5,SLOW,MEDIUM
16:32:06,5,SLOW,MEDIUM
16:32:07,4,SLOW,LOW
16:32:07,5,SLOW,MEDIUM
16:32:07,5,SLOW,MEDIUM
16:32:07,5,SLOW,MEDIUM
16:32:07,4,SLOW,LOW
16:32:07,4,FAST,LOW
16:32:08,3,SLOW,LOW
16:32:08,3,SLOW,LOW
16:32:08,4,SLOW,LOW
16:32:08,3,SLOW,LOW
16:32:08,4,SLOW,LOW
16:32:08,4,FAST,LOW
16:32:08,3,SLOW,LOW
16:32:09,4,SLOW,LOW
16:32:09,3,SLOW,LOW
16:32:09,4,SLOW,LOW
16:32:09,4,SLOW,LOW
16:32:09,3,SLOW,LOW
16:32:09,4,SLOW,LOW
16:32:09,3,SLOW,LOW
16:32:10,3,SLOW,LOW
16:32:10,2,SLOW,LOW
16:32:10,3,SLOW,LOW
16:32:10,3,SLOW,LOW
16:32:10,3,SLOW,LOW
16:32:10,2,SLOW,LOW
16:32:11,3,SLOW,LOW
16:32:11,2,SLOW,LOW
16:32:11,2,SLOW,LOW
16:32:11,2,SLOW,LOW
16:32:11,2,SLOW,LOW
16:32:11,2,SLOW,LOW
16:32:11,3,SLOW,LOW
16:32:12,3,SLOW,LOW
16:32:12,2,SLOW,LOW
16:32:12,2,SLOW,LOW
16:32:12,2,SLOW,LOW
16:32:12,2,SLOW,LOW
16:32:12,3,SLOW,LOW
16:32:13,3,SLOW,LOW
16:32:13,2,SLOW,LOW
16:32:13,2,SLOW,LOW
16:32:13,2,SLOW,LOW
16:32:13,2,SLOW,LOW
16:32:13,2,SLOW,LOW
16:32:13,3,SLOW,LOW
16:32:14,2,SLOW,LOW
16:32:14,3,SLOW,LOW
16:32:14,3,SLOW,LOW
16:32:14,2,SLOW,LOW
16:32:14,2,SLOW,LOW
16:32:14,2,SLOW,LOW
16:32:14,2,SLOW,LOW
16:32:15,2,SLOW,LOW
16:32:15,2,SLOW,LOW
16:32:15,2,SLOW,LOW
16:32:15,2,SLOW,LOW
16:32:15,4,SLOW,LOW
16:32:15,2,SLOW,LOW
16:32:15,2,SLOW,LOW
16:32:16,2,SLOW,LOW
16:32:16,3,SLOW,LOW
16:32:16,2,SLOW,LOW
16:32:16,2,SLOW,LOW
16:32:16,2,SLOW,LOW
16:32:16,2,SLOW,LOW
16:32:16,3,SLOW,LOW
16:32:17,2,SLOW,LOW
16:32:17,2,SLOW,LOW
16:32:17,2,SLOW,LOW
16:32:17,2,SLOW,LOW
16:32:17,2,SLOW,LOW
16:32:17,2,SLOW,LOW
16:32:17,2,SLOW,LOW
16:32:17,2,SLOW,LOW
16:32:18,2,SLOW,LOW
16:32:18,2,SLOW,LOW
16:32:18,2,SLOW,LOW
16:32:18,2,SLOW,LOW
16:32:18,2,SLOW,LOW
16:32:18,3,SLOW,LOW
16:32:19,3,SLOW,LOW
16:32:19,2,SLOW,LOW
16:32:19,2,SLOW,LOW
16:32:19,2,SLOW,LOW
16:32:19,2,SLOW,LOW
16:32:19,3,SLOW,LOW
16:32:19,3,SLOW,LOW
16:32:19,3,SLOW,LOW
16:32:20,3,SLOW,LOW
16:32:20,2,SLOW,LOW
16:32:20,3,SLOW,LOW
16:32:20,3,SLOW,LOW
16:32:20,3,SLOW,LOW
16:32:20,3,SLOW,LOW
16:32:20,3,SLOW,LOW
16:32:21,3,SLOW,LOW
16:32:21,3,SLOW,LOW
16:32:21,3,SLOW,LOW
16:32:21,3,SLOW,LOW
16:32:21,3,SLOW,LOW
16:32:22,3,SLOW,LOW
16:32:22,3,SLOW,LOW
16:32:22,3,SLOW,LOW
16:32:22,3,SLOW,LOW
16:32:22,3,SLOW,LOW
16:32:23,3,SLOW,LOW
16:32:23,3,SLOW,LOW
16:32:23,3,SLOW,LOW
16:32:23,2,SLOW,LOW
16:32:23,3,SLOW,LOW
16:32:23,2,SLOW,LOW
16:32:23,3,SLOW,LOW
16:32:24,3,SLOW,LOW
16:32:24,3,SLOW,LOW
16:32:24,2,SLOW,LOW
16:32:24,2,SLOW,LOW
16:32:24,3,SLOW,LOW
16:32:24,2,SLOW,LOW
16:32:24,2,SLOW,LOW
16:32:24,2,SLOW,LOW
16:32:24,2,SLOW,LOW
16:32:25,2,SLOW,LOW
16:32:25,3,SLOW,LOW
16:32:25,3,FAST,LOW
16:32:25,3,SLOW,LOW
16:32:25,4,SLOW,LOW
16:32:25,6,SLOW,MEDIUM
16:32:25,6,MEDIUM,MEDIUM
16:32:25,5,SLOW,MEDIUM
16:32:26,7,SLOW,MEDIUM
16:32:26,6,SLOW,MEDIUM
16:32:26,6,MEDIUM,MEDIUM
16:32:26,6,MEDIUM,MEDIUM
16:32:26,6,FAST,MEDIUM
16:32:26,4,SLOW,LOW
16:32:26,5,SLOW,MEDIUM
16:32:26,7,SLOW,MEDIUM
16:32:27,6,SLOW,MEDIUM
16:32:27,7,SLOW,MEDIUM
16:32:27,7,FAST,MEDIUM
16:32:27,7,FAST,MEDIUM
16:32:27,8,SLOW,MEDIUM
16:32:27,8,FAST,MEDIUM
16:32:27,6,SLOW,MEDIUM
16:32:27,6,FAST,MEDIUM
16:32:28,6,MEDIUM,MEDIUM
16:32:28,6,MEDIUM,MEDIUM
16:32:28,6,MEDIUM,MEDIUM
16:32:28,6,MEDIUM,MEDIUM
16:32:28,4,SLOW,LOW
16:32:28,5,SLOW,MEDIUM
16:32:28,4,SLOW,LOW
16:32:28,5,SLOW,MEDIUM
16:32:29,5,FAST,MEDIUM
16:32:29,6,SLOW,MEDIUM
16:32:29,4,SLOW,LOW
16:32:29,5,SLOW,MEDIUM
16:32:29,6,SLOW,MEDIUM
16:32:29,6,FAST,MEDIUM
16:32:29,5,SLOW,MEDIUM
16:32:29,8,SLOW,MEDIUM
16:32:30,7,SLOW,MEDIUM
16:32:30,7,MEDIUM,MEDIUM
16:32:30,5,SLOW,MEDIUM
16:32:30,6,SLOW,MEDIUM
16:32:30,5,SLOW,MEDIUM
16:32:30,4,SLOW,LOW
16:32:30,4,FAST,LOW
16:32:30,6,SLOW,MEDIUM
16:32:31,5,SLOW,MEDIUM
16:32:31,4,SLOW,LOW
16:32:31,6,SLOW,MEDIUM
16:32:31,6,FAST,MEDIUM
16:32:31,5,SLOW,MEDIUM
16:32:31,5,SLOW,MEDIUM
16:32:31,7,SLOW,MEDIUM
16:32:31,7,FAST,MEDIUM
16:32:31,7,FAST,MEDIUM
16:32:32,5,SLOW,MEDIUM
16:32:32,6,SLOW,MEDIUM
16:32:32,6,FAST,MEDIUM
16:32:32,6,FAST,MEDIUM
16:32:32,6,MEDIUM,MEDIUM
16:32:32,6,MEDIUM,MEDIUM
16:32:32,4,SLOW,LOW
16:32:32,5,SLOW,MEDIUM
16:32:33,5,MEDIUM,MEDIUM
16:32:33,4,SLOW,LOW
16:32:33,4,SLOW,LOW
16:32:33,4,SLOW,LOW
16:32:33,6,SLOW,MEDIUM
16:32:33,5,SLOW,MEDIUM
16:32:33,6,SLOW,MEDIUM
16:32:33,6,SLOW,MEDIUM
16:32:33,7,SLOW,MEDIUM
16:32:34,6,SLOW,MEDIUM
16:32:34,6,SLOW,MEDIUM
16:32:34,6,SLOW,MEDIUM
16:32:34,7,SLOW,MEDIUM
16:32:34,7,MEDIUM,MEDIUM
16:32:34,5,SLOW,MEDIUM
16:32:34,5,SLOW,MEDIUM
16:32:34,5,SLOW,MEDIUM
16:32:35,5,SLOW,MEDIUM
16:32:35,5,SLOW,MEDIUM
16:32:35,6,SLOW,MEDIUM
16:32:35,5,SLOW,MEDIUM
16:32:35,5,FAST,MEDIUM
16:32:35,4,SLOW,LOW
16:32:35,5,SLOW,MEDIUM
16:32:35,6,SLOW,MEDIUM
16:32:36,4,SLOW,LOW
16:32:36,0,SLOW,LOW
16:32:36,2,SLOW,LOW
16:32:36,1,SLOW,LOW
16:32:36,1,SLOW,LOW
16:32:36,1,SLOW,LOW
16:32:36,2,SLOW,LOW
16:32:36,3,SLOW,LOW
16:32:36,2,SLOW,LOW
16:32:37,2,SLOW,LOW
16:32:37,2,SLOW,LOW
16:32:37,2,SLOW,LOW
16:32:37,2,SLOW,LOW
16:32:37,3,SLOW,LOW
16:32:37,3,SLOW,LOW
16:32:37,3,SLOW,LOW
16:32:37,4,SLOW,LOW
16:32:37,3,SLOW,LOW
16:32:38,4,SLOW,LOW
16:32:38,4,SLOW,LOW
16:32:38,4,FAST,LOW
16:32:38,5,SLOW,MEDIUM
16:32:38,5,MEDIUM,MEDIUM
16:32:38,5,MEDIUM,MEDIUM
16:32:38,5,MEDIUM,MEDIUM
16:32:38,5,MEDIUM,MEDIUM
16:32:39,5,MEDIUM,MEDIUM
16:32:39,4,SLOW,LOW
16:32:39,5,SLOW,MEDIUM
16:32:39,5,MEDIUM,MEDIUM
16:32:39,5,MEDIUM,MEDIUM
16:32:39,5,MEDIUM,MEDIUM
16:32:39,5,MEDIUM,MEDIUM
16:32:39,5,SLOW,MEDIUM
16:32:40,5,MEDIUM,MEDIUM
16:32:40,5,SLOW,MEDIUM
16:32:40,4,SLOW,LOW
16:32:40,5,SLOW,MEDIUM
16:32:40,5,MEDIUM,MEDIUM
16:32:40,5,SLOW,MEDIUM
16:32:40,5,SLOW,MEDIUM
16:32:40,5,SLOW,MEDIUM
16:32:40,5,SLOW,MEDIUM
16:32:41,5,SLOW,MEDIUM
16:32:41,5,SLOW,MEDIUM
16:32:41,5,SLOW,MEDIUM
16:32:41,5,SLOW,MEDIUM
16:32:41,5,SLOW,MEDIUM
16:32:41,5,SLOW,MEDIUM
16:32:41,5,SLOW,MEDIUM
16:32:41,5,SLOW,MEDIUM
16:32:41,5,SLOW,MEDIUM
16:32:42,5,SLOW,MEDIUM
16:32:42,5,SLOW,MEDIUM
16:32:42,5,SLOW,MEDIUM
16:32:42,5,SLOW,MEDIUM
16:32:42,5,SLOW,MEDIUM
16:32:42,5,SLOW,MEDIUM
16:32:42,5,SLOW,MEDIUM
16:32:42,5,SLOW,MEDIUM
16:32:42,6,SLOW,MEDIUM
16:32:43,6,SLOW,MEDIUM
16:32:43,6,SLOW,MEDIUM
16:32:43,6,SLOW,MEDIUM
16:32:43,6,SLOW,MEDIUM
16:32:43,5,SLOW,MEDIUM
16:32:43,5,SLOW,MEDIUM
16:32:43,6,SLOW,MEDIUM
16:32:43,6,SLOW,MEDIUM
16:32:43,5,SLOW,MEDIUM
16:32:44,5,SLOW,MEDIUM
16:32:44,5,SLOW,MEDIUM
16:32:44,6,SLOW,MEDIUM
16:32:44,6,SLOW,MEDIUM
16:32:44,6,SLOW,MEDIUM
16:32:44,5,SLOW,MEDIUM
16:32:44,5,SLOW,MEDIUM
16:32:44,5,SLOW,MEDIUM
16:32:44,5,SLOW,MEDIUM
16:32:45,5,SLOW,MEDIUM
16:32:45,5,SLOW,MEDIUM
16:32:45,5,FAST,MEDIUM
16:32:45,5,SLOW,MEDIUM
16:32:45,5,SLOW,MEDIUM
16:32:45,5,SLOW,MEDIUM
16:32:45,5,SLOW,MEDIUM
16:32:45,5,SLOW,MEDIUM
16:32:45,5,SLOW,MEDIUM
16:32:46,5,SLOW,MEDIUM
16:32:46,5,SLOW,MEDIUM
16:32:46,5,SLOW,MEDIUM
16:32:46,5,SLOW,MEDIUM
16:32:46,5,SLOW,MEDIUM
16:32:46,5,SLOW,MEDIUM
16:32:46,5,SLOW,MEDIUM
16:32:46,5,SLOW,MEDIUM
16:32:46,5,SLOW,MEDIUM
16:32:47,5,SLOW,MEDIUM
16:32:47,5,SLOW,MEDIUM
16:32:47,5,SLOW,MEDIUM
16:32:47,5,SLOW,MEDIUM
16:32:47,5,SLOW,MEDIUM
16:32:47,5,SLOW,MEDIUM
16:32:47,5,SLOW,MEDIUM
16:32:47,7,SLOW,MEDIUM
16:32:47,6,SLOW,MEDIUM
16:32:48,7,SLOW,MEDIUM
16:32:48,6,SLOW,MEDIUM
16:32:48,7,SLOW,MEDIUM
16:32:48,6,SLOW,MEDIUM
16:32:48,5,SLOW,MEDIUM
16:32:48,5,SLOW,MEDIUM
16:32:48,6,SLOW,MEDIUM
16:32:48,6,FAST,MEDIUM
16:32:49,5,SLOW,MEDIUM
16:32:49,4,SLOW,LOW
16:32:49,5,SLOW,MEDIUM
16:32:49,5,SLOW,MEDIUM
16:32:49,5,FAST,MEDIUM
16:32:49,6,SLOW,MEDIUM
16:32:49,5,SLOW,MEDIUM
16:32:49,5,SLOW,MEDIUM
16:32:49,5,SLOW,MEDIUM
16:32:50,5,SLOW,MEDIUM
16:32:50,6,SLOW,MEDIUM
16:32:50,5,SLOW,MEDIUM
16:32:50,6,SLOW,MEDIUM
16:32:50,7,SLOW,MEDIUM
16:32:50,7,FAST,MEDIUM
16:32:50,8,SLOW,MEDIUM
16:32:50,7,SLOW,MEDIUM
16:32:50,6,SLOW,MEDIUM
16:32:51,6,FAST,MEDIUM
16:32:51,7,SLOW,MEDIUM
16:32:51,7,FAST,MEDIUM
16:32:51,5,SLOW,MEDIUM
16:32:51,7,SLOW,MEDIUM
16:32:51,8,SLOW,MEDIUM
16:32:51,7,SLOW,MEDIUM
16:32:51,7,FAST,MEDIUM
16:32:52,6,SLOW,MEDIUM
16:32:52,8,SLOW,MEDIUM
16:32:52,7,SLOW,MEDIUM
16:32:52,8,SLOW,MEDIUM
16:32:52,9,SLOW,MEDIUM
16:32:52,6,SLOW,MEDIUM
16:32:52,6,SLOW,MEDIUM
16:32:52,6,SLOW,MEDIUM
16:32:52,7,SLOW,MEDIUM
16:32:53,6,SLOW,MEDIUM
16:32:53,7,SLOW,MEDIUM
16:32:53,6,SLOW,MEDIUM
16:32:53,6,SLOW,MEDIUM
16:32:53,6,SLOW,MEDIUM
16:32:53,6,SLOW,MEDIUM
16:32:53,7,SLOW,MEDIUM
16:32:53,6,SLOW,MEDIUM
16:32:54,6,SLOW,MEDIUM
16:32:54,6,SLOW,MEDIUM
16:32:54,6,SLOW,MEDIUM
16:32:54,6,MEDIUM,MEDIUM
16:32:54,6,SLOW,MEDIUM
16:32:54,6,SLOW,MEDIUM
16:32:54,5,SLOW,MEDIUM
16:32:54,7,SLOW,MEDIUM
16:32:54,6,SLOW,MEDIUM
16:32:55,6,SLOW,MEDIUM
16:32:55,6,SLOW,MEDIUM
16:32:55,6,SLOW,MEDIUM
16:32:55,6,SLOW,MEDIUM
16:32:55,6,SLOW,MEDIUM
16:32:55,6,SLOW,MEDIUM
16:32:55,6,SLOW,MEDIUM
16:32:55,8,SLOW,MEDIUM
16:32:56,8,SLOW,MEDIUM
16:32:56,7,SLOW,MEDIUM
16:32:56,7,SLOW,MEDIUM
16:32:56,7,SLOW,MEDIUM
16:32:56,7,SLOW,MEDIUM
16:32:56,7,SLOW,MEDIUM
16:32:56,8,SLOW,MEDIUM
16:32:56,7,SLOW,MEDIUM
16:32:56,8,SLOW,MEDIUM
16:32:57,8,SLOW,MEDIUM
16:32:57,7,SLOW,MEDIUM
16:32:57,7,SLOW,MEDIUM
16:32:57,7,SLOW,MEDIUM
16:32:57,7,SLOW,MEDIUM
16:32:57,7,SLOW,MEDIUM
16:32:57,7,SLOW,MEDIUM
16:32:57,7,SLOW,MEDIUM
16:32:58,7,SLOW,MEDIUM
16:32:58,7,SLOW,MEDIUM
16:32:58,6,SLOW,MEDIUM
16:32:58,7,SLOW,MEDIUM
16:32:58,7,SLOW,MEDIUM
16:32:58,7,SLOW,MEDIUM
16:32:58,7,SLOW,MEDIUM
16:32:58,6,SLOW,MEDIUM
16:32:58,7,SLOW,MEDIUM
16:32:59,7,SLOW,MEDIUM
16:32:59,6,SLOW,MEDIUM
16:32:59,7,SLOW,MEDIUM
16:32:59,7,SLOW,MEDIUM
16:32:59,7,SLOW,MEDIUM
16:32:59,7,SLOW,MEDIUM
16:32:59,7,FAST,MEDIUM
16:32:59,7,SLOW,MEDIUM
16:33:00,8,SLOW,MEDIUM
16:33:00,8,SLOW,MEDIUM
16:33:00,8,SLOW,MEDIUM
16:33:00,9,SLOW,MEDIUM
16:33:00,8,SLOW,MEDIUM
16:33:00,7,SLOW,MEDIUM
16:33:00,6,SLOW,MEDIUM
16:33:00,6,SLOW,MEDIUM
16:33:01,6,SLOW,MEDIUM
16:33:01,6,SLOW,MEDIUM
16:33:01,6,SLOW,MEDIUM
16:33:01,6,SLOW,MEDIUM
16:33:01,6,SLOW,MEDIUM
16:33:01,6,SLOW,MEDIUM
16:33:01,6,SLOW,MEDIUM
16:33:01,6,SLOW,MEDIUM
16:33:01,6,SLOW,MEDIUM
16:33:02,6,SLOW,MEDIUM
16:33:02,6,SLOW,MEDIUM
16:33:02,7,SLOW,MEDIUM
16:33:02,6,SLOW,MEDIUM
16:33:02,6,SLOW,MEDIUM
16:33:02,6,SLOW,MEDIUM
16:33:02,6,SLOW,MEDIUM
16:33:02,6,SLOW,MEDIUM
16:33:03,6,SLOW,MEDIUM
16:33:03,7,SLOW,MEDIUM
16:33:03,8,SLOW,MEDIUM
16:33:03,6,SLOW,MEDIUM
16:33:03,6,SLOW,MEDIUM
16:33:03,6,SLOW,MEDIUM
16:33:03,6,SLOW,MEDIUM
16:33:03,7,SLOW,MEDIUM
16:33:03,6,SLOW,MEDIUM
16:33:04,7,SLOW,MEDIUM
16:33:04,6,SLOW,MEDIUM
16:33:04,7,SLOW,MEDIUM
16:33:04,7,SLOW,MEDIUM
16:33:04,8,SLOW,MEDIUM
16:33:04,7,SLOW,MEDIUM
16:33:04,8,SLOW,MEDIUM
16:33:04,7,SLOW,MEDIUM
16:33:05,8,SLOW,MEDIUM
16:33:05,7,SLOW,MEDIUM
16:33:05,6,SLOW,MEDIUM
16:33:05,5,SLOW,MEDIUM
16:33:05,7,SLOW,MEDIUM
16:33:05,7,FAST,MEDIUM
16:33:05,6,SLOW,MEDIUM
16:33:05,7,SLOW,MEDIUM
16:33:06,7,FAST,MEDIUM
16:33:06,6,SLOW,MEDIUM
16:33:06,6,FAST,MEDIUM
16:33:06,6,MEDIUM,MEDIUM
16:33:06,6,MEDIUM,MEDIUM
16:33:06,6,MEDIUM,MEDIUM
16:33:06,6,MEDIUM,MEDIUM
16:33:06,6,SLOW,MEDIUM
16:33:06,6,SLOW,MEDIUM
16:33:07,6,MEDIUM,MEDIUM
16:33:07,6,SLOW,MEDIUM
16:33:07,7,SLOW,MEDIUM
16:33:07,7,SLOW,MEDIUM
16:33:07,7,SLOW,MEDIUM
16:33:07,6,SLOW,MEDIUM
16:33:07,6,SLOW,MEDIUM
16:33:07,8,SLOW,MEDIUM
16:33:08,7,SLOW,MEDIUM
16:33:08,7,SLOW,MEDIUM
16:33:08,5,SLOW,MEDIUM
16:33:08,6,SLOW,MEDIUM
16:33:08,6,SLOW,MEDIUM
16:33:08,6,SLOW,MEDIUM
16:33:08,6,SLOW,MEDIUM
16:33:08,6,SLOW,MEDIUM
16:33:09,7,SLOW,MEDIUM
16:33:09,6,SLOW,MEDIUM
16:33:09,6,SLOW,MEDIUM
16:33:09,6,SLOW,MEDIUM
16:33:09,6,SLOW,MEDIUM
16:33:09,6,SLOW,MEDIUM
16:33:09,6,SLOW,MEDIUM
16:33:09,6,SLOW,MEDIUM
16:33:09,6,SLOW,MEDIUM
16:33:10,6,SLOW,MEDIUM
16:33:10,6,SLOW,MEDIUM
16:33:10,6,SLOW,MEDIUM
16:33:10,6,SLOW,MEDIUM
16:33:10,6,SLOW,MEDIUM
16:33:10,6,SLOW,MEDIUM
16:33:10,6,SLOW,MEDIUM
16:33:10,6,SLOW,MEDIUM
16:33:10,6,SLOW,MEDIUM
16:33:11,6,SLOW,MEDIUM
16:33:11,6,SLOW,MEDIUM
16:33:11,6,SLOW,MEDIUM
16:33:11,6,SLOW,MEDIUM
16:33:11,6,SLOW,MEDIUM
16:33:11,6,SLOW,MEDIUM
16:33:11,6,SLOW,MEDIUM
16:33:11,6,SLOW,MEDIUM
16:33:11,6,SLOW,MEDIUM
16:33:12,6,SLOW,MEDIUM
16:33:12,6,SLOW,MEDIUM
16:33:12,6,SLOW,MEDIUM
16:33:12,7,SLOW,MEDIUM
16:33:12,7,FAST,MEDIUM
16:33:12,7,SLOW,MEDIUM
16:33:12,7,SLOW,MEDIUM
16:33:12,6,SLOW,MEDIUM
16:33:12,6,SLOW,MEDIUM
16:33:13,6,SLOW,MEDIUM
16:33:13,6,SLOW,MEDIUM
16:33:13,6,SLOW,MEDIUM
16:33:13,6,SLOW,MEDIUM
16:33:13,6,SLOW,MEDIUM
16:33:13,6,SLOW,MEDIUM
16:33:13,6,SLOW,MEDIUM
16:33:13,6,SLOW,MEDIUM
16:33:14,6,SLOW,MEDIUM
16:33:14,6,SLOW,MEDIUM
16:33:14,6,SLOW,MEDIUM
16:33:14,6,SLOW,MEDIUM
16:33:14,6,SLOW,MEDIUM
16:33:14,6,SLOW,MEDIUM
16:33:14,6,SLOW,MEDIUM
16:33:14,6,SLOW,MEDIUM
16:33:14,6,SLOW,MEDIUM
16:33:15,6,SLOW,MEDIUM
16:33:15,6,SLOW,MEDIUM
16:33:15,6,SLOW,MEDIUM
16:33:15,6,SLOW,MEDIUM
16:33:15,6,SLOW,MEDIUM
16:33:15,6,SLOW,MEDIUM
16:33:15,6,SLOW,MEDIUM
16:33:15,6,SLOW,MEDIUM
16:33:15,6,SLOW,MEDIUM
16:33:16,6,SLOW,MEDIUM
16:33:16,7,SLOW,MEDIUM
16:33:16,7,SLOW,MEDIUM
16:33:16,7,SLOW,MEDIUM
16:33:16,7,SLOW,MEDIUM
16:33:16,7,SLOW,MEDIUM
16:33:16,7,SLOW,MEDIUM
16:33:16,7,SLOW,MEDIUM
16:33:16,7,SLOW,MEDIUM
16:33:17,7,SLOW,MEDIUM
16:33:17,7,SLOW,MEDIUM
16:33:17,7,SLOW,MEDIUM
16:33:17,7,SLOW,MEDIUM
16:33:17,7,SLOW,MEDIUM
16:33:17,7,SLOW,MEDIUM
16:33:17,7,SLOW,MEDIUM
16:33:17,7,SLOW,MEDIUM
16:33:17,7,SLOW,MEDIUM
16:33:18,7,SLOW,MEDIUM
16:33:18,7,SLOW,MEDIUM
16:33:18,7,SLOW,MEDIUM
16:33:18,7,SLOW,MEDIUM
16:33:18,7,SLOW,MEDIUM
16:33:18,7,SLOW,MEDIUM
16:33:18,7,SLOW,MEDIUM
16:33:18,7,SLOW,MEDIUM
16:33:18,7,SLOW,MEDIUM
16:33:19,7,SLOW,MEDIUM
16:33:19,7,SLOW,MEDIUM
16:33:19,7,SLOW,MEDIUM
16:33:19,7,SLOW,MEDIUM
16:33:19,7,SLOW,MEDIUM
16:33:19,7,SLOW,MEDIUM
16:33:19,7,SLOW,MEDIUM
16:33:19,7,SLOW,MEDIUM
16:33:19,7,SLOW,MEDIUM
16:33:20,7,SLOW,MEDIUM
16:33:20,7,SLOW,MEDIUM
16:33:20,7,SLOW,MEDIUM
16:33:20,7,SLOW,MEDIUM
16:33:20,7,SLOW,MEDIUM
16:33:20,7,SLOW,MEDIUM
16:33:20,7,SLOW,MEDIUM
16:33:20,7,SLOW,MEDIUM
16:33:20,7,SLOW,MEDIUM
16:33:21,7,SLOW,MEDIUM
16:33:21,7,SLOW,MEDIUM
16:33:21,7,SLOW,MEDIUM
16:33:21,7,SLOW,MEDIUM
16:33:21,7,SLOW,MEDIUM
16:33:21,9,SLOW,MEDIUM
16:33:21,9,SLOW,MEDIUM
16:33:21,10,SLOW,MEDIUM
16:33:21,9,SLOW,MEDIUM
16:33:22,8,SLOW,MEDIUM
16:33:22,8,SLOW,MEDIUM
16:33:22,8,SLOW,MEDIUM
16:33:22,8,SLOW,MEDIUM
16:33:22,8,SLOW,MEDIUM
16:33:22,8,SLOW,MEDIUM
16:33:22,8,FAST,MEDIUM
16:33:22,8,SLOW,MEDIUM
16:33:22,8,SLOW,MEDIUM
16:33:23,7,SLOW,MEDIUM
16:33:23,7,SLOW,MEDIUM
16:33:23,7,SLOW,MEDIUM
16:33:23,8,SLOW,MEDIUM
16:33:23,8,SLOW,MEDIUM
16:33:23,8,FAST,MEDIUM
16:33:23,8,SLOW,MEDIUM
16:33:23,9,SLOW,MEDIUM
16:33:24,8,SLOW,MEDIUM
16:33:24,7,SLOW,MEDIUM
16:33:24,7,SLOW,MEDIUM
16:33:24,8,SLOW,MEDIUM
16:33:24,7,SLOW,MEDIUM
16:33:24,7,SLOW,MEDIUM
